Time,Load_kW,Transformer_Loading_%,Voltage_V,Flexibility_Delivered_kW,Active_Homes
16.0,15.75,16.578947368421055,236.85,0.0,0
16.083333333333332,15.75,16.578947368421055,236.85,0.0,0
16.166666666666664,15.75,16.578947368421055,236.85,0.0,0
16.249999999999996,15.75,16.578947368421055,236.85,0.0,0
16.33333333333333,15.75,16.578947368421055,236.85,0.0,0
16.41666666666666,15.75,16.578947368421055,236.85,0.0,0
16.499999999999993,15.75,16.578947368421055,236.85,0.0,0
16.583333333333325,15.75,16.578947368421055,236.85,0.0,0
16.666666666666657,15.869697850114932,16.70494510538414,236.82606042997702,0.0,0
16.74999999999999,16.17840802045253,17.029903179423716,236.7643183959095,0.0,0
16.83333333333332,16.48941300743586,17.357276849932486,236.70211739851283,0.0,0
16.916666666666654,16.802564789535076,17.686910304773765,236.63948704209298,0.0,0
16.999999999999986,17.11771432346214,18.018646656275937,236.57645713530758,0.0,0
17.083333333333318,20.434711615107354,21.510222752744582,235.91305767697853,0.0,0
17.16666666666665,20.753405790928394,21.845690306240414,235.84931884181432,0.0,0
17.249999999999982,21.073645169758,22.18278438921895,235.7852709660484,0.0,0
17.333333333333314,21.39527733499597,22.521344563153654,235.72094453300082,0.0,0
17.416666666666647,21.71814920715116,22.861209691738065,235.65637015856976,0.0,0
17.49999999999998,22.042107116699132,23.202218017578033,235.59157857666017,0.0,0
17.58333333333331,27.991996877220444,29.465259870758366,234.4016006245559,0.0,0
17.666666666666643,28.31766385878503,29.808067219773715,234.33646722824298,0.0,0
17.749999999999975,28.64395306154774,30.151529538471312,234.27120938769045,0.0,0
17.833333333333307,28.97070918951986,30.495483357389325,234.20585816209604,0.0,0
17.91666666666664,29.297776724481484,30.839764973138408,234.1404446551037,0.0,0
17.99999999999997,29.62499999999989,31.184210526315674,234.07500000000002,0.0,0
18.083333333333304,72.90829278043314,76.74557134782437,225.41834144391336,0.0,0
18.166666666666636,74.4454783256499,78.36366139542095,225.11090433487,0.0,0
18.249999999999968,75.8506492806935,79.84278871651948,224.82987014386129,0.0,0
18.3333333333333,73.63356162275828,77.5090122344824,225.27328767544833,0.0,0
18.416666666666632,76.43315515455286,80.45595279426618,224.71336896908943,0.0,0
18.499999999999964,77.94153565893538,82.04372174624777,224.41169286821292,0.0,0
18.583333333333297,128.85835217821415,135.64037071390965,214.22832956435718,0.0,0
18.66666666666663,134.27859668211235,141.34589124432878,213.14428066357752,0.0,0
18.74999999999996,147.99113363838916,155.7801406719886,210.40177327232217,0.0,0
18.833333333333293,147.7616367152394,155.5385649634099,210.4476726569521,0.0,0
18.916666666666625,154.6567702599682,162.79660027365074,209.06864594800635,0.0,0
18.999999999999957,161.48941309834697,169.9888558929968,207.7021173803306,0.0,0
19.08333333333329,161.54067201060383,170.04281264274087,207.69186559787923,0.0,0
19.16666666666662,162.35315239289696,170.89805515041786,207.52936952142062,0.0,0
19.249999999999954,163.26933588690986,171.86245882832617,207.34613282261802,0.0,0
19.333333333333286,160.8795481422906,169.34689278135852,207.8240903715419,0.0,0
19.416666666666618,162.09380934512,170.62506246854738,207.581238130976,0.0,0
19.49999999999995,162.45537352980907,171.00565634716745,207.5089252940382,0.0,0
19.583333333333282,147.92836764655527,155.7140712069003,210.41432647068893,0.0,0
19.666666666666615,146.2620786837113,153.96008282495927,210.74758426325775,0.0,0
19.749999999999947,133.82203457846504,140.86529955627898,213.235593084307,0.0,0
19.83333333333328,129.8783851168682,136.7140895967034,214.02432297662637,0.0,0
19.91666666666661,125.89378230163013,132.5197708438212,214.821243539674,0.0,0
19.999999999999943,117.39791479116265,123.57675241175016,216.52041704176747,0.0,0
20.083333333333275,92.18800609633426,97.04000641719396,221.56239878073313,0.0,0
20.166666666666607,92.5075364265953,97.3763541332582,221.49849271468094,0.0,0
20.24999999999994,92.79958503174909,97.68377371763063,221.44008299365018,0.0,0
20.33333333333327,92.548886049795,97.41988005241579,221.490222790041,0.0,0
20.416666666666604,92.22250791545102,97.07632412152739,221.55549841690978,0.0,0
20.499999999999936,92.62360938482068,97.4985361945481,221.47527812303588,0.0,0
20.583333333333268,92.5524846484773,97.42366805102874,221.48950307030455,0.0,0
20.6666666666666,92.90729484566012,97.79715246911591,221.41854103086797,0.0,0
20.749999999999932,92.66408669658306,97.54114389114007,221.4671826606834,0.0,0
20.833333333333265,91.93925726758167,96.77816554482281,221.61214854648367,0.0,0
20.916666666666597,92.23814612453995,97.09278539425259,221.55237077509202,0.0,0
20.99999999999993,92.9765510161308,97.87005370119032,221.40468979677385,0.0,0
21.08333333333326,92.42212957928078,97.28645218871661,221.51557408414385,0.0,0
21.166666666666593,92.37048306556234,97.23208743743405,221.52590338688753,0.0,0
21.249999999999925,93.03865531384764,97.93542664615542,221.39226893723048,0.0,0
21.333333333333258,92.77731791380906,97.6603346461148,221.4445364172382,0.0,0
21.41666666666659,92.86248261051368,97.74998169527757,221.42750347789726,0.0,0
21.499999999999922,92.87700816340615,97.76527175095384,221.42459836731877,0.0,0
21.583333333333254,92.47411736135058,97.34117616984273,221.50517652772987,0.0,0
21.666666666666586,92.67754723187855,97.55531287566164,221.4644905536243,0.0,0
21.74999999999992,92.00879542497067,96.8513636052323,221.59824091500587,0.0,0
21.83333333333325,92.58477301029906,97.45765580031481,221.4830453979402,0.0,0
21.916666666666583,92.55047048575622,97.4215478797434,221.48990590284876,0.0,0
