Scenario,Stakeholder,CAPEX_INR,OPEX_INR,Annual_Revenue_Benefit_INR,Annual_Cost_INR,Net_Benefit_INR,Key_Assumption
LOW_COST_MASS_PRODUCTION,Household,0,0,168,0,168,Zero upfront cost; compensated ₹1.5/kWh for battery wear
LOW_COST_MASS_PRODUCTION,Operator/Aggregator,148500,4455,6682,4455,2227,Earns aggregator service fee from DISCOM
LOW_COST_MASS_PRODUCTION,DISCOM,160200,11007,13104,11007,2097,Defers ₹45k/kW BESS & avoids expensive spot power
BASE_PROTOTYPE_SCALE,Household,0,0,126,0,126,Zero upfront cost; compensated ₹1.5/kWh for battery wear
BASE_PROTOTYPE_SCALE,Operator/Aggregator,298267,14913,22370,14913,7456,Earns aggregator service fee from DISCOM
BASE_PROTOTYPE_SCALE,DISCOM,317767,19827,8190,19827,-11637,Defers ₹45k/kW BESS & avoids expensive spot power
HIGH_CONTINGENCY,Household,0,0,67,0,67,Zero upfront cost; compensated ₹1.5/kWh for battery wear
HIGH_CONTINGENCY,Operator/Aggregator,398500,31880,47820,31880,15940,Earns aggregator service fee from DISCOM
HIGH_CONTINGENCY,DISCOM,437500,34500,4368,34500,-30132,Defers ₹45k/kW BESS & avoids expensive spot power
