household_id,has_battery,has_solar,initial_soc,final_soc,available_flexibility_kw,dispatched_power_kw,energy_delivered_kwh,reserve_soc_limit,participated,opted_out,compensation_inr
H-01,True,False,0.92,0.81,0.8,0.0,0.568,0.7,True,False,0.85
H-02,True,False,0.92,0.81,1.77,0.0,0.557,0.7,True,False,0.84
H-03,False,True,1.0,1.0,1.05,0.0,0.0,0.7,False,False,0.0
H-04,True,False,0.92,0.81,2.83,0.0,0.557,0.7,True,False,0.84
H-05,True,True,0.92,0.81,1.85,0.0,0.557,0.7,True,False,0.84
H-06,True,False,0.92,0.81,2.45,0.0,0.557,0.7,True,False,0.84
H-07,True,False,0.92,0.81,1.4,0.0,0.557,0.7,True,False,0.84
H-08,False,False,1.0,1.0,2.55,0.0,0.0,0.7,False,False,0.0
H-09,True,False,0.92,0.81,2.23,0.0,0.557,0.7,True,False,0.84
H-10,True,False,0.92,0.81,2.23,0.0,0.557,0.7,True,False,0.84
H-11,False,True,1.0,1.0,0.6,0.0,0.0,0.7,False,False,0.0
H-12,True,False,0.92,0.81,1.85,0.0,0.557,0.7,True,False,0.84
H-13,True,False,0.92,0.81,2.83,0.0,0.557,0.7,True,False,0.84
H-14,True,False,0.92,0.81,2.23,0.0,0.557,0.7,True,False,0.84
H-15,False,False,1.0,1.0,1.43,0.0,0.0,0.7,False,False,0.0
H-16,True,False,0.92,0.81,1.18,0.0,0.557,0.7,True,False,0.84
H-17,True,False,0.92,0.81,1.85,0.0,0.557,0.7,True,False,0.84
H-18,True,False,0.92,1.0,0.0,0.0,0.0,0.7,False,True,0.0
H-19,False,True,1.0,1.0,1.65,0.0,0.0,0.7,False,False,0.0
H-20,True,False,0.92,0.81,1.4,0.0,0.557,0.7,True,False,0.84
H-21,False,False,1.0,1.0,0.0,0.0,0.0,0.7,False,False,0.0
H-22,False,True,1.0,1.0,0.6,0.0,0.0,0.7,False,False,0.0
H-23,False,False,1.0,1.0,2.1,0.0,0.0,0.7,False,False,0.0
H-24,False,False,1.0,1.0,1.65,0.0,0.0,0.7,False,False,0.0
H-25,True,False,0.92,0.81,1.18,0.0,0.557,0.7,True,False,0.84
H-26,True,False,0.92,0.81,1.85,0.0,0.557,0.7,True,False,0.84
H-27,True,False,0.92,0.81,1.4,0.0,0.557,0.7,True,False,0.84
H-28,True,True,0.92,0.81,1.85,0.0,0.557,0.7,True,False,0.84
H-29,False,False,1.0,1.0,0.0,0.0,0.0,0.7,False,False,0.0
H-30,True,True,0.92,0.81,1.4,0.0,0.557,0.7,True,False,0.84
H-31,True,False,0.92,0.81,3.72,0.0,0.557,0.7,True,False,0.84
H-32,True,True,0.92,0.81,0.8,0.0,0.568,0.7,True,False,0.85
H-33,True,False,0.92,0.81,2.45,0.0,0.557,0.7,True,False,0.84
H-34,True,False,0.92,0.81,1.4,0.0,0.557,0.7,True,False,0.84
H-35,True,False,0.92,0.81,1.4,0.0,0.557,0.7,True,False,0.84
H-36,False,False,1.0,1.0,0.97,0.0,0.0,0.7,False,False,0.0
H-37,True,False,0.92,0.81,1.4,0.0,0.557,0.7,True,False,0.84
H-38,True,False,0.92,0.81,0.8,0.0,0.568,0.7,True,False,0.85
H-39,False,False,1.0,1.0,1.05,0.0,0.0,0.7,False,False,0.0
H-40,False,False,1.0,1.0,0.6,0.0,0.0,0.7,False,False,0.0
H-41,True,True,0.92,0.81,0.8,0.0,0.568,0.7,True,False,0.85
H-42,True,False,0.92,0.81,1.77,0.0,0.557,0.7,True,False,0.84
H-43,False,False,1.0,1.0,2.1,0.0,0.0,0.7,False,False,0.0
H-44,True,False,0.92,0.81,2.83,0.0,0.557,0.7,True,False,0.84
H-45,True,False,0.92,0.81,1.4,0.0,0.557,0.7,True,False,0.84
H-46,True,True,0.92,0.81,1.18,0.0,0.557,0.7,True,False,0.84
H-47,True,False,0.92,0.81,2.45,0.0,0.557,0.7,True,False,0.84
H-48,False,True,1.0,1.0,0.6,0.0,0.0,0.7,False,False,0.0
H-49,True,True,0.92,0.81,1.77,0.0,0.557,0.7,True,False,0.84
H-50,False,False,1.0,1.0,1.05,0.0,0.0,0.7,False,False,0.0
H-51,True,True,0.92,0.81,2.83,0.0,0.557,0.7,True,False,0.84
H-52,False,False,1.0,1.0,1.43,0.0,0.0,0.7,False,False,0.0
H-53,True,False,0.92,0.81,1.4,0.0,0.557,0.7,True,False,0.84
H-54,True,True,0.92,0.81,2.45,0.0,0.557,0.7,True,False,0.84
H-55,True,False,0.92,1.0,0.0,0.0,0.0,0.7,False,True,0.0
H-56,True,True,0.92,1.0,0.0,0.0,0.0,0.7,False,True,0.0
H-57,True,False,0.92,0.81,2.45,0.0,0.557,0.7,True,False,0.84
H-58,True,False,0.92,0.81,2.23,0.0,0.557,0.7,True,False,0.84
H-59,True,False,0.92,0.81,2.45,0.0,0.557,0.7,True,False,0.84
H-60,False,False,1.0,1.0,0.6,0.0,0.0,0.7,False,False,0.0
