Metric,Baseline,SAANJH,Delta,Percent_Change_%,Unit
peak_demand_kw,154.1359519199378,109.18234714563522,-44.95360477430259,-29.164905535895123,kW
transformer_overload_duration,90.0,60.0,-30.0,-33.33333333333333,minutes
renewable_deficit_peak,59.13595191993781,14.18234714563522,-44.95360477430259,-76.0173858960853,kW
renewable_deficit_energy,62.84308240463753,7.997862795823971,-54.84521960881356,-87.2732805429134,kWh
critical_load_availability,100.0,100.0,0.0,0.0,%
voltage_violation_duration,30.0,0.0,-30.0,-100.0,minutes
modeled_resistive_feeder_losses,25.87364976558972,16.740235553090262,-9.13341421249946,-35.30006124086255,kWh
dependable_flexibility_delivered,0.0,56.246887207031264,56.246887207031264,100.0,kW
delivery_ratio,0.0,0.98512547040186,0.98512547040186,100.0,ratio
