scenario,seed,policy,essential_supply_availability,outage_hours_per_home,peak_shaving_kwh,battery_cycles
peri_urban_low_income,0,full reserve (no peak shaving),0.9861384546672621,8.632,0.0,79.88143682628194
peri_urban_low_income,0,fixed 25% reserve (no forecast),0.9465564984368021,33.279,15378.461431484673,231.8004126789692
peri_urban_low_income,0,fixed 50% reserve (no forecast),0.9713854399285395,17.835,9428.560760087203,176.4778158675109
peri_urban_low_income,0,fixed 75% reserve (no forecast),0.9817454220634212,11.386,3675.827965421229,118.24039921154399
peri_urban_low_income,0,seasonal_naive P90 reserve,0.9844466279589102,9.701,4056.1047910767975,123.3303739952426
peri_urban_low_income,0,seasonal_naive P97 reserve,0.9861170165252344,8.659,1071.8360305622946,91.47721090257654
peri_urban_low_income,0,seasonal_naive P99.5 reserve,0.9861527467619473,8.624,196.91199767796184,82.04801714877047
peri_urban_low_income,0,xgboost_quantile P90 reserve,0.9822259937472085,11.072,5401.870029996124,137.1321751192369
peri_urban_low_income,0,xgboost_quantile P97 reserve,0.985691826708352,8.924,1730.1724729891096,98.49229965145538
peri_urban_low_income,0,xgboost_quantile P99.5 reserve,0.9861188030370701,8.647,393.043359808626,84.14551406818937
peri_urban_low_income,0,chronos2 P90 reserve,0.9843376507369361,9.765,4493.117027747512,128.02657912373576
peri_urban_low_income,0,chronos2 P97 reserve,0.9860687807056722,8.688,1303.0746552921457,93.97576821545665
peri_urban_low_income,0,chronos2 P99.5 reserve,0.9861527467619473,8.624,301.21615464898247,83.17678986286028
peri_urban_low_income,1,full reserve (no peak shaving),0.991175721977484,5.071,0.0,67.02012434244189
peri_urban_low_income,1,fixed 25% reserve (no forecast),0.9625726872246696,21.475,15925.54185482942,229.16698066533
peri_urban_low_income,1,fixed 50% reserve (no forecast),0.9789270680372002,12.096,9667.803571949873,167.84168352271232
peri_urban_low_income,1,fixed 75% reserve (no forecast),0.988193832599119,6.781,3684.7672254123345,106.01478759075907
peri_urban_low_income,1,seasonal_naive P90 reserve,0.9900734214390602,5.712,4048.2975576394165,110.58776726717929
peri_urban_low_income,1,seasonal_naive P97 reserve,0.9909936368086147,5.168,1199.5862634514604,79.98067888098778
peri_urban_low_income,1,seasonal_naive P99.5 reserve,0.9911678903573177,5.075,284.3151101713994,70.09056295156361
peri_urban_low_income,1,xgboost_quantile P90 reserve,0.987702398433676,7.06,5237.2976088651685,122.70063217253691
peri_urban_low_income,1,xgboost_quantile P97 reserve,0.9907371512481644,5.323,1653.8447342604925,84.79172372838713
peri_urban_low_income,1,xgboost_quantile P99.5 reserve,0.9910837004405286,5.119,367.12601771981394,70.93398057508719
peri_urban_low_income,1,chronos2 P90 reserve,0.9896250611845325,5.97,4517.069795025817,115.53062579048972
peri_urban_low_income,1,chronos2 P97 reserve,0.9909936368086147,5.169,1379.8500248416228,81.91899469697108
peri_urban_low_income,1,chronos2 P99.5 reserve,0.9911678903573177,5.075,350.69605754262255,70.80912814050744
peri_urban_low_income,2,full reserve (no peak shaving),0.980503981264637,11.344,0.0,79.10349067401671
peri_urban_low_income,2,fixed 25% reserve (no forecast),0.9210922716627634,45.879,15966.183576553543,233.45062346250572
peri_urban_low_income,2,fixed 50% reserve (no forecast),0.9566051522248243,25.233,9700.921965753718,176.5821231093714
peri_urban_low_income,2,fixed 75% reserve (no forecast),0.9734782201405152,15.425,3723.7611370787513,117.3428540668596
peri_urban_low_income,2,seasonal_naive P90 reserve,0.9768393442622951,13.473,3637.452500893614,117.68341824363988
peri_urban_low_income,2,seasonal_naive P97 reserve,0.9804252927400469,11.386,1072.089926630982,90.71967921858851
peri_urban_low_income,2,seasonal_naive P99.5 reserve,0.9805264637002342,11.33,225.0602417995142,81.53058189272701
peri_urban_low_income,2,xgboost_quantile P90 reserve,0.9741508196721311,15.034,4856.4989643585905,129.9900534923263
peri_urban_low_income,2,xgboost_quantile P97 reserve,0.9800037470725995,11.631,1613.7207068105167,96.47816452596231
peri_urban_low_income,2,xgboost_quantile P99.5 reserve,0.9803803278688524,11.41,390.89226374387937,83.31284156250128
peri_urban_low_income,2,chronos2 P90 reserve,0.9764627634660421,13.691,4084.7391255375446,122.48159214280727
peri_urban_low_income,2,chronos2 P97 reserve,0.9802660421545667,11.481,1257.243515083292,92.69501504645473
peri_urban_low_income,2,chronos2 P99.5 reserve,0.980503981264637,11.344,310.45643165263624,82.45533212482191
mixed_urban,0,full reserve (no peak shaving),0.9995186335403726,0.1125,0.0,18.59540876780521
mixed_urban,0,fixed 25% reserve (no forecast),0.9802950310559007,3.98625,18171.991696400073,213.28162222753315
mixed_urban,0,fixed 50% reserve (no forecast),0.9926242236024845,1.48875,11331.932575890205,140.77109919560363
mixed_urban,0,fixed 75% reserve (no forecast),0.9966381987577639,0.69,4545.824179425196,67.6693756495003
mixed_urban,0,seasonal_naive P90 reserve,0.9737267080745342,5.3025,19149.54418437627,223.3064688558485
mixed_urban,0,seasonal_naive P97 reserve,0.9949145962732919,1.03625,9072.928618200427,116.59444680220318
mixed_urban,0,seasonal_naive P99.5 reserve,0.9994409937888199,0.125,2078.097403806498,41.14911430750535
mixed_urban,0,xgboost_quantile P90 reserve,0.9712888198757764,5.795,20113.734554923292,233.3885257092592
mixed_urban,0,xgboost_quantile P97 reserve,0.9926086956521739,1.49625,10382.763834250563,130.5766623826604
mixed_urban,0,xgboost_quantile P99.5 reserve,0.9992934782608696,0.15375,2930.332302687969,50.3232060005984
mixed_urban,0,chronos2 P90 reserve,0.9714130434782609,5.7675,19687.317555935406,228.9236074718499
mixed_urban,0,chronos2 P97 reserve,0.9954037267080745,0.9375,9634.566759111112,122.71586771541584
mixed_urban,0,chronos2 P99.5 reserve,0.9994254658385093,0.1275,2387.1020526758252,44.49971927341022
mixed_urban,1,full reserve (no peak shaving),0.9982287308228731,0.405,0.0,18.610500876338286
mixed_urban,1,fixed 25% reserve (no forecast),0.9762552301255231,5.245,18200.248030709015,213.49209165855035
mixed_urban,1,fixed 50% reserve (no forecast),0.9911297071129707,1.9675,11325.817376589219,140.78952275462046
mixed_urban,1,fixed 75% reserve (no forecast),0.9966457461645746,0.7525,4547.481534857442,67.78547103789462
mixed_urban,1,seasonal_naive P90 reserve,0.9678451882845188,7.0925,18716.484320829604,218.67700721672418
mixed_urban,1,seasonal_naive P97 reserve,0.9958437935843794,0.93,8301.664270009042,108.40135016868345
mixed_urban,1,seasonal_naive P99.5 reserve,0.9981450488145048,0.4225,1891.2675869092793,39.11722942293106
mixed_urban,1,xgboost_quantile P90 reserve,0.9608089260808926,8.635,19991.161063122618,231.59010179831742
mixed_urban,1,xgboost_quantile P97 reserve,0.9931938633193863,1.5325,9912.122207611857,125.52267240370577
mixed_urban,1,xgboost_quantile P99.5 reserve,0.9980753138075313,0.43625,2764.0554671015075,48.57913337966594
mixed_urban,1,chronos2 P90 reserve,0.9653974895397489,7.6275,19290.142193024043,224.61731309121734
mixed_urban,1,chronos2 P97 reserve,0.9955369595536959,1.00875,8832.702990757196,114.12943319927756
mixed_urban,1,chronos2 P99.5 reserve,0.9979707112970712,0.455,2198.211892774505,42.43841826604942
mixed_urban,2,full reserve (no peak shaving),0.991764705882353,1.4575,0.0,18.363534021558074
mixed_urban,2,fixed 25% reserve (no forecast),0.9593709150326797,7.19,18228.454202198307,213.0300162085853
mixed_urban,2,fixed 50% reserve (no forecast),0.9805882352941176,3.44875,11337.225754243897,140.28061044913815
mixed_urban,2,fixed 75% reserve (no forecast),0.9889705882352942,1.965,4525.399352028596,67.15119940152421
mixed_urban,2,seasonal_naive P90 reserve,0.9396078431372549,10.67125,19997.22538041301,230.89403695437773
mixed_urban,2,seasonal_naive P97 reserve,0.9824509803921568,3.1075,9978.064863432333,125.82933136803419
mixed_urban,2,seasonal_naive P99.5 reserve,0.9912826797385621,1.555,2618.9985362637917,46.682546559349184
mixed_urban,2,xgboost_quantile P90 reserve,0.9294444444444444,12.47375,21015.40305001475,241.0715109270854
mixed_urban,2,xgboost_quantile P97 reserve,0.9780392156862745,3.8825,11479.077207607534,141.5653414961373
mixed_urban,2,xgboost_quantile P99.5 reserve,0.9908986928104575,1.61625,3333.551283204229,54.41803115796196
mixed_urban,2,chronos2 P90 reserve,0.93265522875817,11.90625,20569.7063538744,236.6415836411455
mixed_urban,2,chronos2 P97 reserve,0.9819444444444444,3.2075,10666.054407465093,133.21081166580487
mixed_urban,2,chronos2 P99.5 reserve,0.9903513071895425,1.71375,2945.699255599934,50.17502425704927
