segment,season,hour,mean_w
low_income,winter,0.0,34.8877894502755
low_income,winter,0.25,34.83275156839307
low_income,winter,0.5,34.78594277644791
low_income,winter,0.75,34.90615778164348
low_income,winter,1.0,34.87573710252407
low_income,winter,1.25,34.933923608773995
low_income,winter,1.5,34.91779179052465
low_income,winter,1.75,34.885432834341714
low_income,winter,2.0,34.91384745904661
low_income,winter,2.25,34.88270262325025
low_income,winter,2.5,34.87792827372613
low_income,winter,2.75,34.83250509814193
low_income,winter,3.0,34.89210222293307
low_income,winter,3.25,34.85681112156221
low_income,winter,3.5,34.838260385711244
low_income,winter,3.75,34.78216890884812
low_income,winter,4.0,34.87553560523211
low_income,winter,4.25,34.812712168696464
low_income,winter,4.5,34.863390785812825
low_income,winter,4.75,34.87649846013287
low_income,winter,5.0,40.456905967673876
low_income,winter,5.25,46.511647639336395
low_income,winter,5.5,46.52962687041058
low_income,winter,5.75,46.449399500567864
low_income,winter,6.0,46.51523322268096
low_income,winter,6.25,46.455960587725215
low_income,winter,6.5,46.487042956007265
low_income,winter,6.75,46.52093616546456
low_income,winter,7.0,52.21348633330825
low_income,winter,7.25,56.15252729666921
low_income,winter,7.5,56.210933295199204
low_income,winter,7.75,56.247548248782245
low_income,winter,8.0,56.221423217577374
low_income,winter,8.25,56.22853967582595
low_income,winter,8.5,56.21060040755242
low_income,winter,8.75,56.16508401799642
low_income,winter,9.0,41.11840403129805
low_income,winter,9.25,27.171931105019226
low_income,winter,9.5,27.11150672976731
low_income,winter,9.75,27.09064863740914
low_income,winter,10.0,27.196095141802143
low_income,winter,10.25,27.097070152428874
low_income,winter,10.5,27.110274704221233
low_income,winter,10.75,27.1437597014916
low_income,winter,11.0,27.105217439552625
low_income,winter,11.25,27.11832294780363
low_income,winter,11.5,27.064371025451617
low_income,winter,11.75,27.122994876516987
low_income,winter,12.0,40.18463474576597
low_income,winter,12.25,53.860600494842586
low_income,winter,12.5,53.68507853116155
low_income,winter,12.75,53.737744372672836
low_income,winter,13.0,53.756820313708076
low_income,winter,13.25,53.78085975850283
low_income,winter,13.5,53.757948416571956
low_income,winter,13.75,53.78368909772402
low_income,winter,14.0,40.62889449038059
low_income,winter,14.25,27.0633762448718
low_income,winter,14.5,27.094432575892473
low_income,winter,14.75,27.09939593969265
low_income,winter,15.0,27.08091420663002
low_income,winter,15.25,27.14794976050557
low_income,winter,15.5,27.145844671147138
low_income,winter,15.75,27.121669155253326
low_income,winter,16.0,27.11592551781343
low_income,winter,16.25,27.039570816417307
low_income,winter,16.5,27.10027976139118
low_income,winter,16.75,27.08967661990021
low_income,winter,17.0,27.094065038383448
low_income,winter,17.25,27.07765491153761
low_income,winter,17.5,27.037697432215136
low_income,winter,17.75,27.125218690442416
low_income,winter,18.0,50.39287361471484
low_income,winter,18.25,75.6827237750698
low_income,winter,18.5,95.37144294123111
low_income,winter,18.75,115.57076021618602
low_income,winter,19.0,130.94564538668948
low_income,winter,19.25,144.69063312490886
low_income,winter,19.5,144.6842217420688
low_income,winter,19.75,144.76111343179474
low_income,winter,20.0,149.65021907706554
low_income,winter,20.25,154.402706564745
low_income,winter,20.5,154.49797902308615
low_income,winter,20.75,154.34595114843245
low_income,winter,21.0,139.53253976348648
low_income,winter,21.25,125.27614434803714
low_income,winter,21.5,125.33545778507077
low_income,winter,21.75,125.47585748920534
low_income,winter,22.0,125.40935209016968
low_income,winter,22.25,125.23069255103422
low_income,winter,22.5,105.5756907211652
low_income,winter,22.75,85.444556261341
low_income,winter,23.0,69.10423857384954
low_income,winter,23.25,51.49063965677527
low_income,winter,23.5,51.40818350088814
low_income,winter,23.75,51.39469325548895
low_income,spring,0.0,82.93565199366196
low_income,spring,0.25,82.8895044443975
low_income,spring,0.5,82.86185446348159
low_income,spring,0.75,82.90866592235058
low_income,spring,1.0,82.86411780728857
low_income,spring,1.25,82.88830339926882
low_income,spring,1.5,82.91098388586754
low_income,spring,1.75,82.79286810428991
low_income,spring,2.0,82.85115710691011
low_income,spring,2.25,82.89444255844856
low_income,spring,2.5,82.94093601984588
low_income,spring,2.75,82.9000541499611
low_income,spring,3.0,82.93450682181779
low_income,spring,3.25,82.73327774305444
low_income,spring,3.5,82.91688636633596
low_income,spring,3.75,82.92037261134111
low_income,spring,4.0,82.89544047536913
low_income,spring,4.25,82.86415044084927
low_income,spring,4.5,82.95555503640786
low_income,spring,4.75,82.89198182801604
low_income,spring,5.0,85.11712334898088
low_income,spring,5.25,86.42875196067861
low_income,spring,5.5,86.40569448329572
low_income,spring,5.75,86.47553902307811
low_income,spring,6.0,86.5000780185744
low_income,spring,6.25,86.5939590113058
low_income,spring,6.5,86.49255683120617
low_income,spring,6.75,86.56078691063396
low_income,spring,7.0,91.23674949207499
low_income,spring,7.25,96.3357891349378
low_income,spring,7.5,96.63145419462283
low_income,spring,7.75,96.45699277550754
low_income,spring,8.0,96.52173718181531
low_income,spring,8.25,96.59957339650916
low_income,spring,8.5,96.55494741959318
low_income,spring,8.75,96.51063350625245
low_income,spring,9.0,81.25410108111464
low_income,spring,9.25,66.02163099408888
low_income,spring,9.5,66.08537135518537
low_income,spring,9.75,66.1060609967044
low_income,spring,10.0,66.1797365783934
low_income,spring,10.25,66.19381356483653
low_income,spring,10.5,66.16319864949634
low_income,spring,10.75,66.12547042308478
low_income,spring,11.0,65.99561930995516
low_income,spring,11.25,65.99377482715066
low_income,spring,11.5,66.08477610872397
low_income,spring,11.75,66.00684841191574
low_income,spring,12.0,84.26787971912556
low_income,spring,12.25,102.75593973922442
low_income,spring,12.5,102.69359679902036
low_income,spring,12.75,102.81549921019551
low_income,spring,13.0,102.90874543963673
low_income,spring,13.25,102.7175191941636
low_income,spring,13.5,102.63864968180539
low_income,spring,13.75,102.65097678157939
low_income,spring,14.0,88.72623600380636
low_income,spring,14.25,74.7799323486153
low_income,spring,14.5,74.71129323897974
low_income,spring,14.75,74.58292580791479
low_income,spring,15.0,74.72640690349911
low_income,spring,15.25,74.68923652765297
low_income,spring,15.5,74.94546903876687
low_income,spring,15.75,74.74440887171266
low_income,spring,16.0,74.71216057415593
low_income,spring,16.25,74.71097732959976
low_income,spring,16.5,74.65622985069238
low_income,spring,16.75,74.64841762802504
low_income,spring,17.0,70.47408208662756
low_income,spring,17.25,66.03064639003904
low_income,spring,17.5,66.20533039194856
low_income,spring,17.75,66.0310486606297
low_income,spring,18.0,92.85322155711606
low_income,spring,18.25,117.06710779580281
low_income,spring,18.5,138.06244378643
low_income,spring,18.75,159.02951423605444
low_income,spring,19.0,174.3768992222114
low_income,spring,19.25,189.52301211383414
low_income,spring,19.5,189.68161234767948
low_income,spring,19.75,189.67161040923608
low_income,spring,20.0,194.73093491263532
low_income,spring,20.25,199.94104338377858
low_income,spring,20.5,199.72057461199825
low_income,spring,20.75,199.86539628184119
low_income,spring,21.0,188.7316748717867
low_income,spring,21.25,178.03869963121346
low_income,spring,21.5,178.12017864486674
low_income,spring,21.75,177.92822304912298
low_income,spring,22.0,177.91812045330738
low_income,spring,22.25,177.98527998061238
low_income,spring,22.5,156.99257073234867
low_income,spring,22.75,135.85181102231812
low_income,spring,23.0,117.18500368387382
low_income,spring,23.25,100.30555379738102
low_income,spring,23.5,100.03543812981634
low_income,spring,23.75,100.3294985030888
low_income,summer,0.0,161.02642534105186
low_income,summer,0.25,161.38903027286707
low_income,summer,0.5,161.20427192100232
low_income,summer,0.75,161.25760483239318
low_income,summer,1.0,161.21729976489345
low_income,summer,1.25,161.2623743028102
low_income,summer,1.5,161.37803430344468
low_income,summer,1.75,160.90982919196583
low_income,summer,2.0,160.98152678212762
low_income,summer,2.25,161.31546522100538
low_income,summer,2.5,160.9300941355021
low_income,summer,2.75,161.01978965330682
low_income,summer,3.0,160.97469169904036
low_income,summer,3.25,161.20754847605295
low_income,summer,3.5,160.98794069686414
low_income,summer,3.75,161.31819280985636
low_income,summer,4.0,161.15081995809777
low_income,summer,4.25,160.92953190464928
low_income,summer,4.5,161.19045279143054
low_income,summer,4.75,161.12477609254893
low_income,summer,5.0,143.98513357789125
low_income,summer,5.25,129.2792946943854
low_income,summer,5.5,129.68818918719637
low_income,summer,5.75,129.61845483378147
low_income,summer,6.0,129.3341066492506
low_income,summer,6.25,129.3118394208483
low_income,summer,6.5,129.35904081893403
low_income,summer,6.75,129.51651972272705
low_income,summer,7.0,134.36852027588287
low_income,summer,7.25,139.74100241684772
low_income,summer,7.5,139.6234756377592
low_income,summer,7.75,139.94274735176796
low_income,summer,8.0,139.5625025091628
low_income,summer,8.25,139.87567758787222
low_income,summer,8.5,139.49556822932058
low_income,summer,8.75,139.66834694241044
low_income,summer,9.0,124.5326474750334
low_income,summer,9.25,109.34112505204611
low_income,summer,9.5,109.23574095196768
low_income,summer,9.75,109.41056715906103
low_income,summer,10.0,109.44559185956402
low_income,summer,10.25,109.33313516891043
low_income,summer,10.5,109.2770792755623
low_income,summer,10.75,109.23832258078284
low_income,summer,11.0,109.34311267430995
low_income,summer,11.25,109.30993655691017
low_income,summer,11.5,109.40531222406341
low_income,summer,11.75,109.50138509434842
low_income,summer,12.0,147.26018746210286
low_income,summer,12.25,181.46115855493795
low_income,summer,12.5,180.87340975042073
low_income,summer,12.75,181.14731816731364
low_income,summer,13.0,181.23058052611802
low_income,summer,13.25,181.02224763859087
low_income,summer,13.5,181.23425287701002
low_income,summer,13.75,181.142970598845
low_income,summer,14.0,166.69250240322836
low_income,summer,14.25,153.29625451535404
low_income,summer,14.5,152.90004604871558
low_income,summer,14.75,153.38785415953532
low_income,summer,15.0,153.09727379686296
low_income,summer,15.25,153.38609401304907
low_income,summer,15.5,152.96797418712313
low_income,summer,15.75,153.15361093900572
low_income,summer,16.0,153.0839476420149
low_income,summer,16.25,153.0807484623606
low_income,summer,16.5,153.32323375489082
low_income,summer,16.75,153.42105610069666
low_income,summer,17.0,129.79017376398946
low_income,summer,17.25,109.30072118070926
low_income,summer,17.5,109.13230945947451
low_income,summer,17.75,109.31528410983564
low_income,summer,18.0,134.9585074749915
low_income,summer,18.25,159.59498430293246
low_income,summer,18.5,181.16366739149683
low_income,summer,18.75,201.52105514631788
low_income,summer,19.0,216.74555064563788
low_income,summer,19.25,232.1126755144159
low_income,summer,19.5,231.82436464261767
low_income,summer,19.75,231.66828010978023
low_income,summer,20.0,237.37565566081287
low_income,summer,20.25,242.05548854201191
low_income,summer,20.5,242.2006409998451
low_income,summer,20.75,241.85401848197912
low_income,summer,21.0,250.71792372838243
low_income,summer,21.25,255.4450621303058
low_income,summer,21.5,255.27455160005573
low_income,summer,21.75,255.53565630981763
low_income,summer,22.0,255.30204375352878
low_income,summer,22.25,255.45245762564673
low_income,summer,22.5,233.91039818249277
low_income,summer,22.75,213.55632831921042
low_income,summer,23.0,195.6001465503245
low_income,summer,23.25,178.37767106015565
low_income,summer,23.5,178.46175897950627
low_income,summer,23.75,178.18561269595844
low_income,monsoon,0.0,127.35503574479071
low_income,monsoon,0.25,127.23827881171101
low_income,monsoon,0.5,127.27499591645238
low_income,monsoon,0.75,127.23872966634006
low_income,monsoon,1.0,127.1433977481847
low_income,monsoon,1.25,127.21306761571336
low_income,monsoon,1.5,127.06526606957277
low_income,monsoon,1.75,127.15941765346636
low_income,monsoon,2.0,127.49277243833338
low_income,monsoon,2.25,127.13705715442575
low_income,monsoon,2.5,127.32654508259283
low_income,monsoon,2.75,127.27870786814627
low_income,monsoon,3.0,127.20805838639087
low_income,monsoon,3.25,127.23901327941759
low_income,monsoon,3.5,127.33796479741846
low_income,monsoon,3.75,127.30729583121395
low_income,monsoon,4.0,127.23627195446926
low_income,monsoon,4.25,127.17206726002664
low_income,monsoon,4.5,127.24169872258936
low_income,monsoon,4.75,127.21054562413717
low_income,monsoon,5.0,121.56161848205731
low_income,monsoon,5.25,117.2266022886734
low_income,monsoon,5.5,117.03195392181671
low_income,monsoon,5.75,117.18687373653732
low_income,monsoon,6.0,117.20515336017237
low_income,monsoon,6.25,117.15118811087055
low_income,monsoon,6.5,117.29353597220158
low_income,monsoon,6.75,117.23318916546341
low_income,monsoon,7.0,121.98678580915576
low_income,monsoon,7.25,127.26934287138924
low_income,monsoon,7.5,127.58960870331443
low_income,monsoon,7.75,127.22026319786795
low_income,monsoon,8.0,127.06804061566385
low_income,monsoon,8.25,127.18894273633849
low_income,monsoon,8.5,127.18456191648633
low_income,monsoon,8.75,127.17658469304294
low_income,monsoon,9.0,112.69734332822149
low_income,monsoon,9.25,97.15829162350488
low_income,monsoon,9.5,97.01536896681014
low_income,monsoon,9.75,97.05400965251941
low_income,monsoon,10.0,97.17693516584166
low_income,monsoon,10.25,97.24393705141873
low_income,monsoon,10.5,96.98337407150875
low_income,monsoon,10.75,97.07748237720172
low_income,monsoon,11.0,97.30377134243321
low_income,monsoon,11.25,97.16045884256597
low_income,monsoon,11.5,97.07861414513623
low_income,monsoon,11.75,97.28673905480115
low_income,monsoon,12.0,121.78279595482697
low_income,monsoon,12.25,148.09583688106923
low_income,monsoon,12.5,147.87066493696216
low_income,monsoon,12.75,147.91821614336797
low_income,monsoon,13.0,147.90957607488096
low_income,monsoon,13.25,147.974448122122
low_income,monsoon,13.5,147.95102087011477
low_income,monsoon,13.75,148.07780510514013
low_income,monsoon,14.0,134.98532767136268
low_income,monsoon,14.25,119.17579052965749
low_income,monsoon,14.5,119.07557852320264
low_income,monsoon,14.75,119.27772591870469
low_income,monsoon,15.0,119.34659201166347
low_income,monsoon,15.25,119.52536837028181
low_income,monsoon,15.5,119.35098527344782
low_income,monsoon,15.75,119.01055784020468
low_income,monsoon,16.0,119.10234553514961
low_income,monsoon,16.25,119.24877218560121
low_income,monsoon,16.5,119.19591871606397
low_income,monsoon,16.75,119.38138613587698
low_income,monsoon,17.0,107.83359363571475
low_income,monsoon,17.25,97.22142070207347
low_income,monsoon,17.5,97.09447636421245
low_income,monsoon,17.75,97.16683111935461
low_income,monsoon,18.0,120.96890281883222
low_income,monsoon,18.25,147.3049529118078
low_income,monsoon,18.5,166.79884687012614
low_income,monsoon,18.75,190.23897020346936
low_income,monsoon,19.0,204.84504028741964
low_income,monsoon,19.25,220.27387648715126
low_income,monsoon,19.5,220.43937225256033
low_income,monsoon,19.75,220.1952728904444
low_income,monsoon,20.0,226.1618577976859
low_income,monsoon,20.25,230.7377583163326
low_income,monsoon,20.5,230.53772061353433
low_income,monsoon,20.75,230.73152914815384
low_income,monsoon,21.0,227.61548028054037
low_income,monsoon,21.25,222.66065331288618
low_income,monsoon,21.5,222.29621504429917
low_income,monsoon,21.75,222.4769615224211
low_income,monsoon,22.0,222.5895166203455
low_income,monsoon,22.25,222.8261975801219
low_income,monsoon,22.5,202.5625636087087
low_income,monsoon,22.75,179.60070565726684
low_income,monsoon,23.0,162.5467292906973
low_income,monsoon,23.25,144.31654602658028
low_income,monsoon,23.5,144.38641684533303
low_income,monsoon,23.75,144.60939704057606
low_income,post_monsoon,0.0,73.11845470023991
low_income,post_monsoon,0.25,73.02212765477695
low_income,post_monsoon,0.5,73.03353928994561
low_income,post_monsoon,0.75,72.97266636227883
low_income,post_monsoon,1.0,73.06950021946248
low_income,post_monsoon,1.25,73.12607205127371
low_income,post_monsoon,1.5,73.02322477928105
low_income,post_monsoon,1.75,73.02438798639902
low_income,post_monsoon,2.0,73.03370329606194
low_income,post_monsoon,2.25,73.05287792585602
low_income,post_monsoon,2.5,73.05678668707243
low_income,post_monsoon,2.75,73.0495640316022
low_income,post_monsoon,3.0,72.97615388810131
low_income,post_monsoon,3.25,73.0471317902923
low_income,post_monsoon,3.5,73.04461192962383
low_income,post_monsoon,3.75,72.95114852777947
low_income,post_monsoon,4.0,72.98821373767365
low_income,post_monsoon,4.25,73.16252901174484
low_income,post_monsoon,4.5,73.0009097301828
low_income,post_monsoon,4.75,73.09694121159912
low_income,post_monsoon,5.0,78.75589382407883
low_income,post_monsoon,5.25,85.13906307491179
low_income,post_monsoon,5.5,85.05968805324476
low_income,post_monsoon,5.75,85.0707466442381
low_income,post_monsoon,6.0,85.06727880701929
low_income,post_monsoon,6.25,85.16266308728405
low_income,post_monsoon,6.5,85.03759514922872
low_income,post_monsoon,6.75,85.05643858880725
low_income,post_monsoon,7.0,90.53294084977037
low_income,post_monsoon,7.25,95.14612690097923
low_income,post_monsoon,7.5,94.93288852364111
low_income,post_monsoon,7.75,95.00939213545358
low_income,post_monsoon,8.0,94.93458590995117
low_income,post_monsoon,8.25,95.11556312900765
low_income,post_monsoon,8.5,95.1529846185168
low_income,post_monsoon,8.75,94.91621711418966
low_income,post_monsoon,9.0,80.29244147563121
low_income,post_monsoon,9.25,65.025202943417
low_income,post_monsoon,9.5,65.00225058036298
low_income,post_monsoon,9.75,65.09939938864264
low_income,post_monsoon,10.0,64.94054353799187
low_income,post_monsoon,10.25,65.07270040055866
low_income,post_monsoon,10.5,64.96313256612537
low_income,post_monsoon,10.75,65.03930071676628
low_income,post_monsoon,11.0,64.97241555533523
low_income,post_monsoon,11.25,65.09954185958775
low_income,post_monsoon,11.5,64.98514120002766
low_income,post_monsoon,11.75,65.07954872617549
low_income,post_monsoon,12.0,78.10826725686395
low_income,post_monsoon,12.25,91.64182396601619
low_income,post_monsoon,12.5,91.55071263994103
low_income,post_monsoon,12.75,91.42722914054342
low_income,post_monsoon,13.0,91.56565935631698
low_income,post_monsoon,13.25,91.48809160321848
low_income,post_monsoon,13.5,91.5369166614529
low_income,post_monsoon,13.75,91.51304748958141
low_income,post_monsoon,14.0,78.55033874012307
low_income,post_monsoon,14.25,64.90490008766169
low_income,post_monsoon,14.5,64.98886205989227
low_income,post_monsoon,14.75,65.14512252789864
low_income,post_monsoon,15.0,65.13604532672754
low_income,post_monsoon,15.25,65.05329309694176
low_income,post_monsoon,15.5,65.07751818862498
low_income,post_monsoon,15.75,65.00981966789924
low_income,post_monsoon,16.0,65.03088893189711
low_income,post_monsoon,16.25,65.01488350955546
low_income,post_monsoon,16.5,65.01374949165859
low_income,post_monsoon,16.75,64.99520530446509
low_income,post_monsoon,17.0,64.96354268649335
low_income,post_monsoon,17.25,64.9687230606852
low_income,post_monsoon,17.5,64.95426291705742
low_income,post_monsoon,17.75,64.97407543818393
low_income,post_monsoon,18.0,88.59583329045225
low_income,post_monsoon,18.25,115.15545434508039
low_income,post_monsoon,18.5,134.8544016049713
low_income,post_monsoon,18.75,154.88690693695193
low_income,post_monsoon,19.0,169.71084141879933
low_income,post_monsoon,19.25,185.01111730892092
low_income,post_monsoon,19.5,185.13262855810254
low_income,post_monsoon,19.75,185.2171014206398
low_income,post_monsoon,20.0,189.82981328671477
low_income,post_monsoon,20.25,195.18740337855255
low_income,post_monsoon,20.5,194.9657124360071
low_income,post_monsoon,20.75,195.09628741234735
low_income,post_monsoon,21.0,180.23797573908763
low_income,post_monsoon,21.25,165.14548675118866
low_income,post_monsoon,21.5,165.17635057628272
low_income,post_monsoon,21.75,165.21194985415954
low_income,post_monsoon,22.0,164.83969358358024
low_income,post_monsoon,22.25,164.9899553380384
low_income,post_monsoon,22.5,145.43549235757715
low_income,post_monsoon,22.75,125.28744662526853
low_income,post_monsoon,23.0,108.93000408947375
low_income,post_monsoon,23.25,90.16564852061498
low_income,post_monsoon,23.5,90.23763337614623
low_income,post_monsoon,23.75,90.03090438172192
middle,winter,0.0,72.32941030013163
middle,winter,0.25,72.1004610515201
middle,winter,0.5,72.05728355390166
middle,winter,0.75,72.089824479386
middle,winter,1.0,72.14480221457661
middle,winter,1.25,72.06185505770803
middle,winter,1.5,72.07755974604076
middle,winter,1.75,72.11488856998795
middle,winter,2.0,72.15544714151571
middle,winter,2.25,72.11611937110428
middle,winter,2.5,72.062908547498
middle,winter,2.75,72.15522378896776
middle,winter,3.0,72.07702453011859
middle,winter,3.25,72.23445076067293
middle,winter,3.5,72.11625662284924
middle,winter,3.75,72.0648741823938
middle,winter,4.0,72.28117535243281
middle,winter,4.25,73.37614254074062
middle,winter,4.5,73.28963167148926
middle,winter,4.75,72.0588184469158
middle,winter,5.0,81.6611336880826
middle,winter,5.25,90.95494864506381
middle,winter,5.5,94.77617007806978
middle,winter,5.75,109.50047991440796
middle,winter,6.0,122.16479149469707
middle,winter,6.25,130.63713268744945
middle,winter,6.5,137.18457544818975
middle,winter,6.75,141.10475216978688
middle,winter,7.0,128.4795846257261
middle,winter,7.25,120.57251319285432
middle,winter,7.5,127.16106608721184
middle,winter,7.75,109.51150276059568
middle,winter,8.0,88.47840002400523
middle,winter,8.25,83.27460241546919
middle,winter,8.5,73.56847754022776
middle,winter,8.75,66.06216027340116
middle,winter,9.0,70.13935304310095
middle,winter,9.25,69.90263834707015
middle,winter,9.5,70.16088718236523
middle,winter,9.75,69.8523883307473
middle,winter,10.0,72.41148493065255
middle,winter,10.25,73.95338460029845
middle,winter,10.5,77.25115199695996
middle,winter,10.75,75.7923931407919
middle,winter,11.0,74.49819911747214
middle,winter,11.25,72.07159069671702
middle,winter,11.5,69.61722950565243
middle,winter,11.75,68.73426230335342
middle,winter,12.0,92.14611406082065
middle,winter,12.25,114.6768374694111
middle,winter,12.5,113.50255490396229
middle,winter,12.75,112.22426250698472
middle,winter,13.0,110.92034200469143
middle,winter,13.25,110.02782607311867
middle,winter,13.5,109.19958094787964
middle,winter,13.75,109.15934135254355
middle,winter,14.0,83.73062922539235
middle,winter,14.25,60.10307511069749
middle,winter,14.5,60.16640887814489
middle,winter,14.75,60.03041855756383
middle,winter,15.0,60.23705191285717
middle,winter,15.25,60.109446992433945
middle,winter,15.5,60.25444148858076
middle,winter,15.75,60.25449500139568
middle,winter,16.0,60.11856261778302
middle,winter,16.25,60.08208221617538
middle,winter,16.5,60.0925036464924
middle,winter,16.75,60.580917308435424
middle,winter,17.0,61.32875226459929
middle,winter,17.25,64.03543152264389
middle,winter,17.5,91.242919769863
middle,winter,17.75,128.34868956163507
middle,winter,18.0,133.4495329540602
middle,winter,18.25,142.60270205812228
middle,winter,18.5,186.4192985934249
middle,winter,18.75,233.6799600161117
middle,winter,19.0,257.2184194067201
middle,winter,19.25,259.3614502999565
middle,winter,19.5,264.61679763163414
middle,winter,19.75,236.48415010980503
middle,winter,20.0,223.1653663979433
middle,winter,20.25,211.51209414593464
middle,winter,20.5,196.23492997098816
middle,winter,20.75,187.9260041023571
middle,winter,21.0,186.47246450501345
middle,winter,21.25,185.88998602706812
middle,winter,21.5,185.7441463622675
middle,winter,21.75,185.79159350134725
middle,winter,22.0,185.81550317529812
middle,winter,22.25,185.8997001264477
middle,winter,22.5,185.97942786680437
middle,winter,22.75,185.97546380947003
middle,winter,23.0,139.69940865666356
middle,winter,23.25,97.28698056079463
middle,winter,23.5,97.270190378207
middle,winter,23.75,97.2039671758974
middle,spring,0.0,132.2126949927979
middle,spring,0.25,131.91884438186173
middle,spring,0.5,132.04553091474668
middle,spring,0.75,132.08676602247905
middle,spring,1.0,132.00666230549083
middle,spring,1.25,132.04303997279845
middle,spring,1.5,132.055518506748
middle,spring,1.75,131.92213006385634
middle,spring,2.0,132.11076316895432
middle,spring,2.25,132.15898434770403
middle,spring,2.5,131.96867167655574
middle,spring,2.75,131.85867180537377
middle,spring,3.0,132.1604966258612
middle,spring,3.25,131.9207035036195
middle,spring,3.5,131.95515514192005
middle,spring,3.75,132.096520845905
middle,spring,4.0,132.01421004502097
middle,spring,4.25,131.95635229689776
middle,spring,4.5,131.99799569357697
middle,spring,4.75,133.5593695906897
middle,spring,5.0,138.19885887758042
middle,spring,5.25,140.0141663261588
middle,spring,5.5,138.40348668699318
middle,spring,5.75,141.36643201439074
middle,spring,6.0,144.073627581748
middle,spring,6.25,147.98658204189076
middle,spring,6.5,158.03935316324254
middle,spring,6.75,162.25834454225736
middle,spring,7.0,150.11825855638864
middle,spring,7.25,136.51629137057844
middle,spring,7.5,128.63154132782637
middle,spring,7.75,122.3037421327619
middle,spring,8.0,121.93437880628241
middle,spring,8.25,122.16621025531764
middle,spring,8.5,113.92730371929093
middle,spring,8.75,109.48158406155048
middle,spring,9.0,112.03137630662218
middle,spring,9.25,114.22446820746838
middle,spring,9.5,114.7643416205866
middle,spring,9.75,117.15214616436829
middle,spring,10.0,120.05697923514047
middle,spring,10.25,121.92659376275651
middle,spring,10.5,123.64886050272418
middle,spring,10.75,123.0339657393553
middle,spring,11.0,121.9637425572938
middle,spring,11.25,122.60606276484495
middle,spring,11.5,122.83372558033258
middle,spring,11.75,120.4236178865629
middle,spring,12.0,149.3274341460366
middle,spring,12.25,175.50739751330082
middle,spring,12.5,173.58989267513002
middle,spring,12.75,170.48163684769293
middle,spring,13.0,169.0289822248617
middle,spring,13.25,167.80615048381927
middle,spring,13.5,167.84435290289235
middle,spring,13.75,167.55977945632486
middle,spring,14.0,142.62169510820422
middle,spring,14.25,120.28104597262801
middle,spring,14.5,120.18158679706946
middle,spring,14.75,119.97751397002892
middle,spring,15.0,120.32067645707738
middle,spring,15.25,120.19040227821706
middle,spring,15.5,120.1982224365473
middle,spring,15.75,120.04766073220152
middle,spring,16.0,120.15553772058188
middle,spring,16.25,120.42851464993652
middle,spring,16.5,120.2208527093545
middle,spring,16.75,120.53088188581292
middle,spring,17.0,114.58261750619369
middle,spring,17.25,108.98657289135829
middle,spring,17.5,138.83400463218535
middle,spring,17.75,170.4578627408343
middle,spring,18.0,176.2401208908341
middle,spring,18.25,197.15783297825624
middle,spring,18.5,236.81424410173156
middle,spring,18.75,282.4807365126239
middle,spring,19.0,298.71901952716973
middle,spring,19.25,300.4488691996874
middle,spring,19.5,299.93095305595523
middle,spring,19.75,287.14690865691864
middle,spring,20.0,267.18480169781117
middle,spring,20.25,255.07067970483533
middle,spring,20.5,238.3735923602419
middle,spring,20.75,231.84526763432274
middle,spring,21.0,237.9224668041562
middle,spring,21.25,243.36732159089948
middle,spring,21.5,243.09977064015766
middle,spring,21.75,243.44392339937855
middle,spring,22.0,243.28839100200034
middle,spring,22.25,243.39876681715128
middle,spring,22.5,243.21035739435445
middle,spring,22.75,243.05468356025227
middle,spring,23.0,197.7409928269136
middle,spring,23.25,156.8661097013792
middle,spring,23.5,156.78349311242684
middle,spring,23.75,156.84445829305037
middle,summer,0.0,256.56526175814025
middle,summer,0.25,256.4354516383965
middle,summer,0.5,256.6908484473203
middle,summer,0.75,256.4779368398808
middle,summer,1.0,256.9367677080573
middle,summer,1.25,256.15605878230093
middle,summer,1.5,256.5834693636319
middle,summer,1.75,256.2234769781563
middle,summer,2.0,256.66991874105645
middle,summer,2.25,256.50726933700645
middle,summer,2.5,256.42372906865876
middle,summer,2.75,256.6728445957211
middle,summer,3.0,256.2808303330256
middle,summer,3.25,256.8771566750719
middle,summer,3.5,256.79818625702546
middle,summer,3.75,256.0830390751922
middle,summer,4.0,256.48992635530846
middle,summer,4.25,256.33858923651184
middle,summer,4.5,256.40708611326147
middle,summer,4.75,256.1138809060473
middle,summer,5.0,230.5558935488271
middle,summer,5.25,204.01388416785673
middle,summer,5.5,203.9548343744859
middle,summer,5.75,204.9863274209142
middle,summer,6.0,204.98637178607743
middle,summer,6.25,205.02718521148077
middle,summer,6.5,207.36337758651447
middle,summer,6.75,207.5152307504753
middle,summer,7.0,191.1405893340151
middle,summer,7.25,174.98864951014534
middle,summer,7.5,175.97685943593683
middle,summer,7.75,175.96050668129047
middle,summer,8.0,174.17306187479576
middle,summer,8.25,175.00556253077107
middle,summer,8.5,175.3885636717054
middle,summer,8.75,176.51104900859903
middle,summer,9.0,176.9027789170285
middle,summer,9.25,179.26445334065016
middle,summer,9.5,180.01878911896145
middle,summer,9.75,181.86859780202943
middle,summer,10.0,182.73539904327754
middle,summer,10.25,185.6999754882402
middle,summer,10.5,189.25449171315088
middle,summer,10.75,192.05180807387097
middle,summer,11.0,192.37396329329277
middle,summer,11.25,190.96929267853315
middle,summer,11.5,187.17380304853464
middle,summer,11.75,183.419890654444
middle,summer,12.0,240.88128477838137
middle,summer,12.25,298.3859914981725
middle,summer,12.5,297.853121990788
middle,summer,12.75,296.91664640233097
middle,summer,13.0,295.6803334391619
middle,summer,13.25,295.1664619829739
middle,summer,13.5,294.7596232662076
middle,summer,13.75,293.89910267861393
middle,summer,14.0,268.0161184725382
middle,summer,14.25,244.65723864057532
middle,summer,14.5,244.18174664419746
middle,summer,14.75,244.18295222098817
middle,summer,15.0,243.92620126674078
middle,summer,15.25,244.4962322143148
middle,summer,15.5,243.88202505277965
middle,summer,15.75,244.11175230533573
middle,summer,16.0,244.52817719375594
middle,summer,16.25,244.62635460293137
middle,summer,16.5,245.96313170074154
middle,summer,16.75,245.40527249820286
middle,summer,17.0,209.81384874318476
middle,summer,17.25,178.21827036745583
middle,summer,17.5,205.2578647696077
middle,summer,17.75,237.21646491683478
middle,summer,18.0,243.9921347763121
middle,summer,18.25,261.28630579533956
middle,summer,18.5,305.2642755301167
middle,summer,18.75,352.9730914386502
middle,summer,19.0,369.310373426757
middle,summer,19.25,373.92689926334384
middle,summer,19.5,369.5724351339697
middle,summer,19.75,354.62081571106006
middle,summer,20.0,344.87155297268276
middle,summer,20.25,325.67164684536954
middle,summer,20.5,311.32744827914837
middle,summer,20.75,303.9982962251009
middle,summer,21.0,336.26748409520485
middle,summer,21.25,371.60986557578394
middle,summer,21.5,371.8754309454881
middle,summer,21.75,371.56052943900426
middle,summer,22.0,371.585163346312
middle,summer,22.25,371.6749655152383
middle,summer,22.5,371.6436088456738
middle,summer,22.75,371.93524749287826
middle,summer,23.0,326.1336507948037
middle,summer,23.25,281.67445391328255
middle,summer,23.5,282.26522460168235
middle,summer,23.75,282.17102692341746
middle,monsoon,0.0,198.9695572157056
middle,monsoon,0.25,199.18198820969874
middle,monsoon,0.5,199.0505803776922
middle,monsoon,0.75,199.21716728302823
middle,monsoon,1.0,198.92562985898277
middle,monsoon,1.25,199.1175766959917
middle,monsoon,1.5,198.93013647967953
middle,monsoon,1.75,198.90617756205978
middle,monsoon,2.0,199.10489601001007
middle,monsoon,2.25,199.14228256714352
middle,monsoon,2.5,199.39769782877647
middle,monsoon,2.75,199.0095483538764
middle,monsoon,3.0,198.88831108576022
middle,monsoon,3.25,198.88826109220796
middle,monsoon,3.5,199.13055136427536
middle,monsoon,3.75,199.2388858013241
middle,monsoon,4.0,198.97550015571187
middle,monsoon,4.25,199.13380208099014
middle,monsoon,4.5,199.03883090196683
middle,monsoon,4.75,199.1666425067992
middle,monsoon,5.0,187.1200708602963
middle,monsoon,5.25,176.82191571308354
middle,monsoon,5.5,179.15036518574846
middle,monsoon,5.75,181.3328861734668
middle,monsoon,6.0,180.13754909054126
middle,monsoon,6.25,180.59477598637568
middle,monsoon,6.5,184.3889036950432
middle,monsoon,6.75,189.06640538543886
middle,monsoon,7.0,176.22373763183268
middle,monsoon,7.25,157.09799102540953
middle,monsoon,7.5,155.05962159997375
middle,monsoon,7.75,152.68897726599772
middle,monsoon,8.0,150.49754542612473
middle,monsoon,8.25,148.64020809249524
middle,monsoon,8.5,149.78312200051468
middle,monsoon,8.75,150.12330402712374
middle,monsoon,9.0,150.11229757844407
middle,monsoon,9.25,153.95294258281876
middle,monsoon,9.5,158.1176400593116
middle,monsoon,9.75,158.6646633592923
middle,monsoon,10.0,161.5978411817734
middle,monsoon,10.25,164.9505261927469
middle,monsoon,10.5,168.3829261965361
middle,monsoon,10.75,165.96779474732887
middle,monsoon,11.0,163.25013204659473
middle,monsoon,11.25,160.44572964839196
middle,monsoon,11.5,159.19196031630915
middle,monsoon,11.75,157.04105894333802
middle,monsoon,12.0,197.51808641236238
middle,monsoon,12.25,239.0756920268345
middle,monsoon,12.5,236.38504850989995
middle,monsoon,12.75,235.2570921385104
middle,monsoon,13.0,234.24008436948546
middle,monsoon,13.25,233.9957992252717
middle,monsoon,13.5,233.9410027110141
middle,monsoon,13.75,233.80775941923827
middle,monsoon,14.0,209.99071500429392
middle,monsoon,14.25,187.22921621622604
middle,monsoon,14.5,186.67821368628032
middle,monsoon,14.75,187.2279625284031
middle,monsoon,15.0,187.02915520384997
middle,monsoon,15.25,187.05126689151197
middle,monsoon,15.5,187.15838656365676
middle,monsoon,15.75,187.32197593298693
middle,monsoon,16.0,187.19276588225915
middle,monsoon,16.25,186.92185216877684
middle,monsoon,16.5,188.24595873550496
middle,monsoon,16.75,186.95588155600123
middle,monsoon,17.0,168.50624727602616
middle,monsoon,17.25,150.989820032337
middle,monsoon,17.5,180.29197196872835
middle,monsoon,17.75,208.1884967767091
middle,monsoon,18.0,224.70738271323452
middle,monsoon,18.25,233.15581637899268
middle,monsoon,18.5,270.7835156343147
middle,monsoon,18.75,320.3748663505159
middle,monsoon,19.0,340.9125442183295
middle,monsoon,19.25,334.7826166917147
middle,monsoon,19.5,338.8043531435032
middle,monsoon,19.75,331.83695922352143
middle,monsoon,20.0,305.9034491433709
middle,monsoon,20.25,295.2874497944654
middle,monsoon,20.5,280.47640864902115
middle,monsoon,20.75,272.22601055403015
middle,monsoon,21.0,290.4740972892178
middle,monsoon,21.25,310.9490120643462
middle,monsoon,21.5,310.6989412528731
middle,monsoon,21.75,310.67923852086955
middle,monsoon,22.0,310.3802823196161
middle,monsoon,22.25,310.2241122898705
middle,monsoon,22.5,310.66793800178823
middle,monsoon,22.75,310.3396585314995
middle,monsoon,23.0,266.66479440909274
middle,monsoon,23.25,224.12466564363487
middle,monsoon,23.5,224.03153244491477
middle,monsoon,23.75,224.21083849185314
middle,post_monsoon,0.0,118.38587981838918
middle,post_monsoon,0.25,118.4509524373599
middle,post_monsoon,0.5,118.40595604795531
middle,post_monsoon,0.75,118.31240411343457
middle,post_monsoon,1.0,118.35697289553659
middle,post_monsoon,1.25,118.2330762541406
middle,post_monsoon,1.5,118.23900883981727
middle,post_monsoon,1.75,118.356167982555
middle,post_monsoon,2.0,118.31718036469856
middle,post_monsoon,2.25,118.34943238183051
middle,post_monsoon,2.5,118.1225176870398
middle,post_monsoon,2.75,118.3599444282615
middle,post_monsoon,3.0,118.4052776454846
middle,post_monsoon,3.25,118.41868847402885
middle,post_monsoon,3.5,118.44222487996024
middle,post_monsoon,3.75,118.19029151496109
middle,post_monsoon,4.0,118.38127663266357
middle,post_monsoon,4.25,118.34928284459238
middle,post_monsoon,4.5,118.2982479508788
middle,post_monsoon,4.75,119.59597381811017
middle,post_monsoon,5.0,130.30370737508926
middle,post_monsoon,5.25,140.57509444368046
middle,post_monsoon,5.5,141.81696961646406
middle,post_monsoon,5.75,155.86662505901148
middle,post_monsoon,6.0,163.71617871118679
middle,post_monsoon,6.25,162.44148275442475
middle,post_monsoon,6.5,166.6745192129524
middle,post_monsoon,6.75,167.0551459450963
middle,post_monsoon,7.0,153.5591394423106
middle,post_monsoon,7.25,134.90323564018635
middle,post_monsoon,7.5,135.37003399928113
middle,post_monsoon,7.75,140.8537273588809
middle,post_monsoon,8.0,139.084724714326
middle,post_monsoon,8.25,127.77628676696331
middle,post_monsoon,8.5,121.14887556544366
middle,post_monsoon,8.75,119.60597681603358
middle,post_monsoon,9.0,117.21055135834983
middle,post_monsoon,9.25,114.18366153379871
middle,post_monsoon,9.5,112.61209637947752
middle,post_monsoon,9.75,114.89935085201522
middle,post_monsoon,10.0,117.82885973755496
middle,post_monsoon,10.25,120.712732826389
middle,post_monsoon,10.5,125.13247977820261
middle,post_monsoon,10.75,126.9321503301655
middle,post_monsoon,11.0,127.08532342727611
middle,post_monsoon,11.25,123.70700346375442
middle,post_monsoon,11.5,121.65129620753612
middle,post_monsoon,11.75,118.52027038348261
middle,post_monsoon,12.0,138.3800284858743
middle,post_monsoon,12.25,159.00206899342302
middle,post_monsoon,12.5,156.48122415167705
middle,post_monsoon,12.75,155.81645830578623
middle,post_monsoon,13.0,154.8889076540559
middle,post_monsoon,13.25,154.70899010521455
middle,post_monsoon,13.5,154.1085212867418
middle,post_monsoon,13.75,153.74151968784662
middle,post_monsoon,14.0,130.07894045161586
middle,post_monsoon,14.25,106.36680662799566
middle,post_monsoon,14.5,106.38311174807312
middle,post_monsoon,14.75,106.28271609859507
middle,post_monsoon,15.0,106.58480254344742
middle,post_monsoon,15.25,106.34244218890524
middle,post_monsoon,15.5,106.4324794030047
middle,post_monsoon,15.75,106.59682475763677
middle,post_monsoon,16.0,106.19290003617878
middle,post_monsoon,16.25,106.31108705880058
middle,post_monsoon,16.5,106.41789556158912
middle,post_monsoon,16.75,107.87095344047898
middle,post_monsoon,17.0,107.46793535537638
middle,post_monsoon,17.25,108.49393812687957
middle,post_monsoon,17.5,133.4998864667975
middle,post_monsoon,17.75,161.6199065827036
middle,post_monsoon,18.0,178.67014688035533
middle,post_monsoon,18.25,183.51530313071686
middle,post_monsoon,18.5,232.63571779516076
middle,post_monsoon,18.75,281.7419051212129
middle,post_monsoon,19.0,296.68423090416644
middle,post_monsoon,19.25,289.20408621723124
middle,post_monsoon,19.5,301.45887314686547
middle,post_monsoon,19.75,282.5849852499935
middle,post_monsoon,20.0,275.0908858862882
middle,post_monsoon,20.25,250.5423696195075
middle,post_monsoon,20.5,240.5830484152907
middle,post_monsoon,20.75,232.24684952269502
middle,post_monsoon,21.0,230.37066681221947
middle,post_monsoon,21.25,229.89322637171875
middle,post_monsoon,21.5,229.68939242788522
middle,post_monsoon,21.75,229.71521678091344
middle,post_monsoon,22.0,229.74579583394768
middle,post_monsoon,22.25,229.7245156154052
middle,post_monsoon,22.5,229.65980230575025
middle,post_monsoon,22.75,229.86737956191388
middle,post_monsoon,23.0,186.76445399537616
middle,post_monsoon,23.25,143.26211633121952
middle,post_monsoon,23.5,143.19716205434935
middle,post_monsoon,23.75,143.24555848184556
affluent,winter,0.0,121.61117722665794
affluent,winter,0.25,115.3028382802296
affluent,winter,0.5,113.9611429836024
affluent,winter,0.75,112.0917942136397
affluent,winter,1.0,110.97391812561823
affluent,winter,1.25,111.13805002328428
affluent,winter,1.5,111.2308255657461
affluent,winter,1.75,111.36087595819343
affluent,winter,2.0,111.24005605849884
affluent,winter,2.25,111.0601827252264
affluent,winter,2.5,111.35396121961614
affluent,winter,2.75,111.12656521171412
affluent,winter,3.0,111.15104126684521
affluent,winter,3.25,111.2840229597159
affluent,winter,3.5,111.19759780465803
affluent,winter,3.75,111.34142120168562
affluent,winter,4.0,111.16873979923777
affluent,winter,4.25,112.27734341888069
affluent,winter,4.5,113.67748900648775
affluent,winter,4.75,114.41869986245331
affluent,winter,5.0,129.07636123400977
affluent,winter,5.25,154.07523856792184
affluent,winter,5.5,173.70093685439585
affluent,winter,5.75,209.5641633846663
affluent,winter,6.0,255.16495427607322
affluent,winter,6.25,294.6782916993771
affluent,winter,6.5,336.0820398948727
affluent,winter,6.75,376.64527542988856
affluent,winter,7.0,376.50120194128715
affluent,winter,7.25,352.38733973236805
affluent,winter,7.5,332.4896623599609
affluent,winter,7.75,282.90353711939173
affluent,winter,8.0,224.4073211535191
affluent,winter,8.25,184.0962646430858
affluent,winter,8.5,155.54826949726564
affluent,winter,8.75,143.40346838014918
affluent,winter,9.0,134.04308600636801
affluent,winter,9.25,117.77150163941913
affluent,winter,9.5,118.52766368517422
affluent,winter,9.75,127.52103213750027
affluent,winter,10.0,139.13057263536575
affluent,winter,10.25,147.12510281473845
affluent,winter,10.5,146.4627760221246
affluent,winter,10.75,147.24953027231138
affluent,winter,11.0,145.5441240080382
affluent,winter,11.25,148.0326398462491
affluent,winter,11.5,138.97059919881323
affluent,winter,11.75,128.56574188600544
affluent,winter,12.0,144.70053775420413
affluent,winter,12.25,173.24818055063363
affluent,winter,12.5,167.94281919798925
affluent,winter,12.75,160.99233373468402
affluent,winter,13.0,156.8663908150817
affluent,winter,13.25,154.23978099855785
affluent,winter,13.5,153.30440843879217
affluent,winter,13.75,152.38677278298292
affluent,winter,14.0,124.07375596025804
affluent,winter,14.25,90.55560529651642
affluent,winter,14.5,90.6089574810682
affluent,winter,14.75,90.50110594995401
affluent,winter,15.0,90.60370694666082
affluent,winter,15.25,90.4657699656381
affluent,winter,15.5,90.65546750303477
affluent,winter,15.75,90.51411097623738
affluent,winter,16.0,90.53757778164449
affluent,winter,16.25,90.56245363782784
affluent,winter,16.5,90.95157676877072
affluent,winter,16.75,91.7375558283679
affluent,winter,17.0,92.63895478020272
affluent,winter,17.25,96.22853740823183
affluent,winter,17.5,140.82827096908443
affluent,winter,17.75,173.840028274535
affluent,winter,18.0,197.53122247122684
affluent,winter,18.25,206.74810055563648
affluent,winter,18.5,279.14870211808784
affluent,winter,18.75,351.6978239640445
affluent,winter,19.0,373.72708003635773
affluent,winter,19.25,375.1055002382876
affluent,winter,19.5,387.0791885732034
affluent,winter,19.75,360.77338325979844
affluent,winter,20.0,345.96800564292033
affluent,winter,20.25,327.3247736341156
affluent,winter,20.5,313.0080892083467
affluent,winter,20.75,313.9182811243268
affluent,winter,21.0,314.90014743779585
affluent,winter,21.25,316.9543851530493
affluent,winter,21.5,318.6906070044927
affluent,winter,21.75,324.9851783902923
affluent,winter,22.0,326.13263284992144
affluent,winter,22.25,326.3773247130876
affluent,winter,22.5,325.6346039725559
affluent,winter,22.75,322.90265000014534
affluent,winter,23.0,315.61313252990095
affluent,winter,23.25,308.69281686580894
affluent,winter,23.5,243.19590526619675
affluent,winter,23.75,165.72965653762887
affluent,spring,0.0,195.15786615203604
affluent,spring,0.25,194.46807697885745
affluent,spring,0.5,193.62651955788212
affluent,spring,0.75,192.73844317908413
affluent,spring,1.0,192.8487985202755
affluent,spring,1.25,192.69889035807034
affluent,spring,1.5,192.59005477632766
affluent,spring,1.75,192.37632746396264
affluent,spring,2.0,192.88111667212792
affluent,spring,2.25,192.54110231635968
affluent,spring,2.5,192.80746406105993
affluent,spring,2.75,192.15655998045443
affluent,spring,3.0,191.5299303172983
affluent,spring,3.25,188.19208070009725
affluent,spring,3.5,185.18911306438628
affluent,spring,3.75,182.33295450753062
affluent,spring,4.0,178.00631231821882
affluent,spring,4.25,173.4318736827521
affluent,spring,4.5,171.2075046039313
affluent,spring,4.75,169.73542180646479
affluent,spring,5.0,186.3704500756711
affluent,spring,5.25,211.96888910566446
affluent,spring,5.5,214.22573634908377
affluent,spring,5.75,224.98290077530348
affluent,spring,6.0,260.8537237569686
affluent,spring,6.25,281.0187472619677
affluent,spring,6.5,313.8526870241737
affluent,spring,6.75,342.21323667716445
affluent,spring,7.0,311.83996782660097
affluent,spring,7.25,285.1559040886292
affluent,spring,7.5,281.35851767805235
affluent,spring,7.75,261.4499514486068
affluent,spring,8.0,240.6169504606236
affluent,spring,8.25,209.2999000637914
affluent,spring,8.5,181.1990059566128
affluent,spring,8.75,176.61856116112932
affluent,spring,9.0,175.7204175412093
affluent,spring,9.25,180.3004166940975
affluent,spring,9.5,179.95297624379353
affluent,spring,9.75,182.26685211881926
affluent,spring,10.0,190.39889785916552
affluent,spring,10.25,197.95756068739217
affluent,spring,10.5,201.70608939582516
affluent,spring,10.75,206.85981175637627
affluent,spring,11.0,209.16236607211133
affluent,spring,11.25,201.9201158235752
affluent,spring,11.5,193.16154168399652
affluent,spring,11.75,181.1904345368802
affluent,spring,12.0,201.20968358895774
affluent,spring,12.25,226.31774485937223
affluent,spring,12.5,220.92105437338623
affluent,spring,12.75,219.17071907071832
affluent,spring,13.0,216.08146341899553
affluent,spring,13.25,213.13584036612505
affluent,spring,13.5,211.82036976616968
affluent,spring,13.75,213.84706177414049
affluent,spring,14.0,187.54833122797373
affluent,spring,14.25,157.02510302354614
affluent,spring,14.5,158.2043249224953
affluent,spring,14.75,157.5940448743885
affluent,spring,15.0,158.06060291949237
affluent,spring,15.25,158.33413608155843
affluent,spring,15.5,157.1884616630521
affluent,spring,15.75,156.99021770758267
affluent,spring,16.0,156.48591413645735
affluent,spring,16.25,153.9740954498699
affluent,spring,16.5,152.9305700812416
affluent,spring,16.75,151.8885898013879
affluent,spring,17.0,153.79205496356184
affluent,spring,17.25,158.98489783206372
affluent,spring,17.5,191.59786274556413
affluent,spring,17.75,234.74103410857228
affluent,spring,18.0,260.57768676266824
affluent,spring,18.25,279.0819926051249
affluent,spring,18.5,339.833740325966
affluent,spring,18.75,407.7034938020488
affluent,spring,19.0,432.88799179930703
affluent,spring,19.25,431.8823956932284
affluent,spring,19.5,442.5823374618696
affluent,spring,19.75,412.7765783036331
affluent,spring,20.0,390.7503460832321
affluent,spring,20.25,378.5560554303394
affluent,spring,20.5,360.10034544274095
affluent,spring,20.75,358.5524356859637
affluent,spring,21.0,359.05826986124396
affluent,spring,21.25,363.6004009979077
affluent,spring,21.5,368.39775698191096
affluent,spring,21.75,371.63064742474523
affluent,spring,22.0,376.0166784823269
affluent,spring,22.25,379.6409287384704
affluent,spring,22.5,380.94331711578457
affluent,spring,22.75,378.8047104948284
affluent,spring,23.0,376.93676669113205
affluent,spring,23.25,373.0911269193135
affluent,spring,23.5,306.82875114400605
affluent,spring,23.75,236.73599755510932
affluent,summer,0.0,412.24999432978547
affluent,summer,0.25,408.3783614323964
affluent,summer,0.5,406.71801367918454
affluent,summer,0.75,406.79336684072274
affluent,summer,1.0,406.6969509007423
affluent,summer,1.25,406.46680770050045
affluent,summer,1.5,406.31822805573245
affluent,summer,1.75,406.6952773910478
affluent,summer,2.0,406.00063837413137
affluent,summer,2.25,406.09814946162453
affluent,summer,2.5,405.2719157408311
affluent,summer,2.75,401.2277071462677
affluent,summer,3.0,393.825726201422
affluent,summer,3.25,382.0887435558351
affluent,summer,3.5,360.296901686005
affluent,summer,3.75,331.525414362119
affluent,summer,4.0,299.245352383447
affluent,summer,4.25,273.49592951950245
affluent,summer,4.5,251.41055032106374
affluent,summer,4.75,235.37086000218278
affluent,summer,5.0,243.2204521354118
affluent,summer,5.25,253.01041228419797
affluent,summer,5.5,253.5986831244413
affluent,summer,5.75,254.5231292488082
affluent,summer,6.0,259.51161441228845
affluent,summer,6.25,269.5819065548181
affluent,summer,6.5,272.2555440279711
affluent,summer,6.75,267.04811374192906
affluent,summer,7.0,232.45093761716637
affluent,summer,7.25,207.6875289590463
affluent,summer,7.5,214.88310637646148
affluent,summer,7.75,212.57171161993216
affluent,summer,8.0,209.4787709895963
affluent,summer,8.25,210.3889403963183
affluent,summer,8.5,211.9814803840989
affluent,summer,8.75,215.84940223155652
affluent,summer,9.0,221.8702392144776
affluent,summer,9.25,228.56311400824745
affluent,summer,9.5,233.0126716518036
affluent,summer,9.75,238.3346213705963
affluent,summer,10.0,242.49682487905815
affluent,summer,10.25,254.8101415804917
affluent,summer,10.5,260.1355085397364
affluent,summer,10.75,267.0049797612589
affluent,summer,11.0,258.5422712828574
affluent,summer,11.25,253.31504988919096
affluent,summer,11.5,238.8900708744193
affluent,summer,11.75,234.56790181478348
affluent,summer,12.0,258.3172002433982
affluent,summer,12.25,285.6652754159416
affluent,summer,12.5,280.63158386148757
affluent,summer,12.75,278.82329164114196
affluent,summer,13.0,282.69846337069976
affluent,summer,13.25,288.6485629069918
affluent,summer,13.5,299.22060345857784
affluent,summer,13.75,309.7987105258037
affluent,summer,14.0,291.7917327501706
affluent,summer,14.25,270.75161742535175
affluent,summer,14.5,281.06443741019086
affluent,summer,14.75,286.32367045277886
affluent,summer,15.0,287.63056069671865
affluent,summer,15.25,286.6138023602623
affluent,summer,15.5,282.87544188605744
affluent,summer,15.75,275.5371109417542
affluent,summer,16.0,265.5248138329929
affluent,summer,16.25,254.05370163226186
affluent,summer,16.5,242.96790035317585
affluent,summer,16.75,233.10265742826797
affluent,summer,17.0,225.15884750426994
affluent,summer,17.25,224.49655840538387
affluent,summer,17.5,254.04350457368656
affluent,summer,17.75,294.6251334291108
affluent,summer,18.0,303.73509774529447
affluent,summer,18.25,333.3844539253237
affluent,summer,18.5,399.50691474569624
affluent,summer,18.75,459.3358430099628
affluent,summer,19.0,479.19165065737684
affluent,summer,19.25,491.1232840425331
affluent,summer,19.5,504.003664397509
affluent,summer,19.75,472.96307695725955
affluent,summer,20.0,462.23872502003815
affluent,summer,20.25,440.72117341738345
affluent,summer,20.5,420.12364190134207
affluent,summer,20.75,414.8602592797615
affluent,summer,21.0,426.034496418839
affluent,summer,21.25,439.1254197322757
affluent,summer,21.5,461.1674273320177
affluent,summer,21.75,492.12126254380036
affluent,summer,22.0,525.8233438265694
affluent,summer,22.25,549.2813363628333
affluent,summer,22.5,571.8063003223948
affluent,summer,22.75,581.6587353814061
affluent,summer,23.0,587.3574122501391
affluent,summer,23.25,589.4414103597428
affluent,summer,23.5,517.8471352026758
affluent,summer,23.75,452.1838660422195
affluent,monsoon,0.0,353.1421915312877
affluent,monsoon,0.25,349.1230630347552
affluent,monsoon,0.5,346.9178733599525
affluent,monsoon,0.75,345.6548586948203
affluent,monsoon,1.0,345.3912998108055
affluent,monsoon,1.25,345.343141081858
affluent,monsoon,1.5,345.5322160297376
affluent,monsoon,1.75,345.4077336608731
affluent,monsoon,2.0,345.34828200058536
affluent,monsoon,2.25,345.23999092903074
affluent,monsoon,2.5,344.5073647135802
affluent,monsoon,2.75,342.859544976109
affluent,monsoon,3.0,336.1332466490831
affluent,monsoon,3.25,327.8394608884206
affluent,monsoon,3.5,308.6954464210893
affluent,monsoon,3.75,286.8798404274401
affluent,monsoon,4.0,264.4079713593117
affluent,monsoon,4.25,245.5904908125329
affluent,monsoon,4.5,230.956429146056
affluent,monsoon,4.75,218.51470902634415
affluent,monsoon,5.0,227.0880040647629
affluent,monsoon,5.25,242.73573278511483
affluent,monsoon,5.5,241.5694707498401
affluent,monsoon,5.75,247.1929279052831
affluent,monsoon,6.0,263.2694459045839
affluent,monsoon,6.25,262.9342225307188
affluent,monsoon,6.5,270.3574723502781
affluent,monsoon,6.75,294.2538696392324
affluent,monsoon,7.0,277.68825988574986
affluent,monsoon,7.25,242.34104651638583
affluent,monsoon,7.5,225.48080475645935
affluent,monsoon,7.75,223.36061652692933
affluent,monsoon,8.0,217.7343580448708
affluent,monsoon,8.25,204.7123757574594
affluent,monsoon,8.5,203.67208078753907
affluent,monsoon,8.75,198.5934417017568
affluent,monsoon,9.0,196.4637820375191
affluent,monsoon,9.25,205.91695770360843
affluent,monsoon,9.5,213.67732204046825
affluent,monsoon,9.75,225.05275868875583
affluent,monsoon,10.0,232.59203715487578
affluent,monsoon,10.25,243.11050881682996
affluent,monsoon,10.5,242.01310113376388
affluent,monsoon,10.75,244.16029696971304
affluent,monsoon,11.0,241.34717660222984
affluent,monsoon,11.25,238.94028185075064
affluent,monsoon,11.5,230.06207983218596
affluent,monsoon,11.75,215.77377221672447
affluent,monsoon,12.0,240.72889488029597
affluent,monsoon,12.25,264.80875480215
affluent,monsoon,12.5,263.65873281235764
affluent,monsoon,12.75,258.08494188730367
affluent,monsoon,13.0,258.25219459091187
affluent,monsoon,13.25,264.7821673218279
affluent,monsoon,13.5,270.09747493665554
affluent,monsoon,13.75,281.8040145660786
affluent,monsoon,14.0,259.4749484470188
affluent,monsoon,14.25,243.33078935369838
affluent,monsoon,14.5,249.5661218412004
affluent,monsoon,14.75,254.85628504601854
affluent,monsoon,15.0,257.9449149050165
affluent,monsoon,15.25,261.0558024035853
affluent,monsoon,15.5,257.4997182964357
affluent,monsoon,15.75,251.92054723164765
affluent,monsoon,16.0,245.64303749079724
affluent,monsoon,16.25,234.40461435690452
affluent,monsoon,16.5,225.14580409387418
affluent,monsoon,16.75,212.6743855391643
affluent,monsoon,17.0,207.01632901527586
affluent,monsoon,17.25,205.11721508314562
affluent,monsoon,17.5,236.21912886934223
affluent,monsoon,17.75,278.1530587718156
affluent,monsoon,18.0,299.03780377447544
affluent,monsoon,18.25,313.56679232838167
affluent,monsoon,18.5,378.69041397864936
affluent,monsoon,18.75,455.0529556533597
affluent,monsoon,19.0,465.88722959456635
affluent,monsoon,19.25,482.5449716526968
affluent,monsoon,19.5,469.1973278494324
affluent,monsoon,19.75,460.4180564022791
affluent,monsoon,20.0,434.9456040567452
affluent,monsoon,20.25,415.30812433316873
affluent,monsoon,20.5,394.5556119730659
affluent,monsoon,20.75,390.42493901817824
affluent,monsoon,21.0,398.37934854440715
affluent,monsoon,21.25,410.7218816803356
affluent,monsoon,21.5,434.91930196664595
affluent,monsoon,21.75,460.6508916078422
affluent,monsoon,22.0,485.8289377448448
affluent,monsoon,22.25,505.85337945319674
affluent,monsoon,22.5,519.9325957583286
affluent,monsoon,22.75,528.523229535666
affluent,monsoon,23.0,533.5363430398058
affluent,monsoon,23.25,532.7093432687685
affluent,monsoon,23.5,468.1462685094966
affluent,monsoon,23.75,398.5815290670664
affluent,post_monsoon,0.0,193.27795699841977
affluent,post_monsoon,0.25,190.60384858293028
affluent,post_monsoon,0.5,188.9119237192279
affluent,post_monsoon,0.75,187.71170834572987
affluent,post_monsoon,1.0,186.9222882898142
affluent,post_monsoon,1.25,187.02303614080515
affluent,post_monsoon,1.5,186.2625358229621
affluent,post_monsoon,1.75,186.40359938724436
affluent,post_monsoon,2.0,186.11610240686775
affluent,post_monsoon,2.25,186.06133108793918
affluent,post_monsoon,2.5,185.81252694338676
affluent,post_monsoon,2.75,186.23728703380112
affluent,post_monsoon,3.0,185.76609048349331
affluent,post_monsoon,3.25,184.22586932427748
affluent,post_monsoon,3.5,182.20360864429483
affluent,post_monsoon,3.75,181.1431335698645
affluent,post_monsoon,4.0,177.9025114657854
affluent,post_monsoon,4.25,174.03180238620706
affluent,post_monsoon,4.5,171.16023952719883
affluent,post_monsoon,4.75,173.40222942545182
affluent,post_monsoon,5.0,195.69350993519853
affluent,post_monsoon,5.25,213.19099325757426
affluent,post_monsoon,5.5,221.5526814999002
affluent,post_monsoon,5.75,240.44964909155243
affluent,post_monsoon,6.0,257.9269020724641
affluent,post_monsoon,6.25,283.5964733817155
affluent,post_monsoon,6.5,327.252316342535
affluent,post_monsoon,6.75,380.29729171046574
affluent,post_monsoon,7.0,359.0101366222557
affluent,post_monsoon,7.25,302.9378487080007
affluent,post_monsoon,7.5,299.51231320221154
affluent,post_monsoon,7.75,277.73728568953055
affluent,post_monsoon,8.0,230.74418449595294
affluent,post_monsoon,8.25,217.90477363376294
affluent,post_monsoon,8.5,208.23588114850116
affluent,post_monsoon,8.75,188.77976939280413
affluent,post_monsoon,9.0,174.83228932046467
affluent,post_monsoon,9.25,173.97630578875766
affluent,post_monsoon,9.5,176.49681533542366
affluent,post_monsoon,9.75,188.3557895026353
affluent,post_monsoon,10.0,193.98516525980733
affluent,post_monsoon,10.25,201.4132089004666
affluent,post_monsoon,10.5,202.87206627380547
affluent,post_monsoon,10.75,205.9968490955729
affluent,post_monsoon,11.0,203.9987413648709
affluent,post_monsoon,11.25,204.34821226636817
affluent,post_monsoon,11.5,196.38987487779326
affluent,post_monsoon,11.75,192.87915904592396
affluent,post_monsoon,12.0,210.67108638347202
affluent,post_monsoon,12.25,231.02355579220566
affluent,post_monsoon,12.5,220.17512175094458
affluent,post_monsoon,12.75,215.1536025442644
affluent,post_monsoon,13.0,213.8531377666748
affluent,post_monsoon,13.25,212.99524933995724
affluent,post_monsoon,13.5,212.12508772764494
affluent,post_monsoon,13.75,211.15102679706874
affluent,post_monsoon,14.0,181.66755037080353
affluent,post_monsoon,14.25,151.92403489656468
affluent,post_monsoon,14.5,152.0356764409246
affluent,post_monsoon,14.75,151.89832536172742
affluent,post_monsoon,15.0,152.46573530290306
affluent,post_monsoon,15.25,152.5977931415216
affluent,post_monsoon,15.5,152.69255423766023
affluent,post_monsoon,15.75,152.18392780202313
affluent,post_monsoon,16.0,151.29265179948223
affluent,post_monsoon,16.25,151.31374634905643
affluent,post_monsoon,16.5,151.0955252014219
affluent,post_monsoon,16.75,150.934335033671
affluent,post_monsoon,17.0,153.56056634096228
affluent,post_monsoon,17.25,155.1349864594642
affluent,post_monsoon,17.5,193.8312921367598
affluent,post_monsoon,17.75,235.78666406585322
affluent,post_monsoon,18.0,256.15861114784116
affluent,post_monsoon,18.25,271.21413550613227
affluent,post_monsoon,18.5,340.2095831864847
affluent,post_monsoon,18.75,418.3183725986481
affluent,post_monsoon,19.0,433.21762573942067
affluent,post_monsoon,19.25,445.19051166684494
affluent,post_monsoon,19.5,434.6104176372086
affluent,post_monsoon,19.75,420.6054637022453
affluent,post_monsoon,20.0,409.05107211294484
affluent,post_monsoon,20.25,383.96511452223854
affluent,post_monsoon,20.5,365.64741304143513
affluent,post_monsoon,20.75,362.650688825988
affluent,post_monsoon,21.0,369.2462186533061
affluent,post_monsoon,21.25,377.2632155853398
affluent,post_monsoon,21.5,382.320109262599
affluent,post_monsoon,21.75,385.77403151540295
affluent,post_monsoon,22.0,388.7100863567713
affluent,post_monsoon,22.25,393.90830901595484
affluent,post_monsoon,22.5,395.25774150175334
affluent,post_monsoon,22.75,391.0070787711095
affluent,post_monsoon,23.0,387.7766163336332
affluent,post_monsoon,23.25,382.80435394768205
affluent,post_monsoon,23.5,307.3158281957735
affluent,post_monsoon,23.75,236.36862821624388
