scenario,policy,seed,essential_supply_availability,outage_hours_per_home,outage_hours_in_deficit_per_home,banded_hours_per_home,energy_not_served_kwh,energy_curtailed_above_band_kwh,dt_overload_hours,dt_peak_loading_pct
peri_urban_low_income,baseline,0,0.5937204108977222,252.688,252.688,0.0,12130.403492587659,0.0,0.0,84.43423369165639
peri_urban_low_income,saanjh,0,0.9861384546672621,8.632,8.632,1.104,416.7478251581481,43.25396918830668,0.0,93.63537099553044
peri_urban_low_income,baseline,1,0.5984571708272148,232.0,232.0,0.0,10464.365636490194,0.0,0.0,84.89679264044845
peri_urban_low_income,saanjh,1,0.991175721977484,5.071,5.071,0.478,208.29304628236414,14.496718321952333,0.0,92.4595694702045
peri_urban_low_income,baseline,2,0.5888056206088993,238.562,238.562,0.0,11329.971011564385,0.0,0.0,83.93115933257526
peri_urban_low_income,saanjh,2,0.980503981264637,11.344,11.344,0.968,488.835408820429,34.11744759299021,0.0,93.3149948612203
peri_urban_low_income,baseline,3,0.5957349933303691,251.437,251.437,0.0,12425.490988697962,0.0,0.0,93.67950638179101
peri_urban_low_income,saanjh,3,0.9795446865273455,12.661,12.661,1.907,669.4422421655063,48.90885891267057,0.0,92.84658234486614
peri_urban_low_income,baseline,4,0.5879305058763413,218.188,218.188,0.0,10330.226373563977,0.0,0.0,85.3064315696018
peri_urban_low_income,saanjh,4,0.979495145631068,10.876,10.876,0.98,501.73081718376136,36.68829412600655,0.0,92.87071622759215
peri_urban_low_income,baseline,5,0.6089204152249135,182.687,182.687,0.0,8704.591279519864,0.0,0.0,85.40454712345817
peri_urban_low_income,saanjh,5,0.980795847750865,8.953,8.953,1.195,436.8192122861002,48.95771612952167,0.0,91.73534815936358
peri_urban_low_income,baseline,6,0.5863459119496855,294.937,294.937,0.0,14476.75952854124,0.0,0.0,93.15792739564179
peri_urban_low_income,saanjh,6,0.979814465408805,14.423,14.423,1.409,714.3599876691326,51.81056634297547,0.0,94.7476403418884
peri_urban_low_income,baseline,7,0.5878585144012127,226.563,226.563,0.0,10894.904628673932,0.0,0.0,88.87914031734554
peri_urban_low_income,saanjh,7,0.982722587165235,9.516,9.516,1.08,493.4429357315697,29.684853377133454,0.0,93.71842821222575
peri_urban_low_income,baseline,8,0.5803748792270531,233.0,233.0,0.0,11453.17905690536,0.0,0.0,86.03283988481542
peri_urban_low_income,saanjh,8,0.9743207729468599,14.289,14.289,1.487,688.9058470714264,39.83910680475628,0.0,91.77354404613135
peri_urban_low_income,baseline,9,0.5921189083820663,227.438,227.438,0.0,11160.078885537885,0.0,0.0,87.766923018427
peri_urban_low_income,saanjh,9,0.9810409356725146,10.542,10.542,1.371,595.3886677982712,50.56562798402287,0.0,93.6577285067821
peri_urban_low_income,baseline,10,0.5948018867924528,187.563,187.563,0.0,8578.903757259279,0.0,0.0,80.37303172376062
peri_urban_low_income,saanjh,10,0.9892122641509434,4.991,4.991,0.359,259.3308326760558,14.526953958765581,0.0,91.48356315420179
peri_urban_low_income,baseline,11,0.5988223887174967,250.625,250.625,0.0,11793.783247706546,0.0,0.0,90.57834318031715
peri_urban_low_income,saanjh,11,0.9852780960775672,9.181,9.181,1.391,440.9574740661885,34.11841936772591,0.0,93.07588489874891
peri_urban_low_income,baseline,12,0.5985873417721519,261.938,261.938,0.0,12814.341487236174,0.0,0.0,87.98925221675123
peri_urban_low_income,saanjh,12,0.9746177215189873,16.552,16.552,1.754,825.7155377365938,53.775506002659945,0.0,93.59817936696597
peri_urban_low_income,baseline,13,0.6030009115770283,236.687,236.687,0.0,11295.792027786154,0.0,0.0,86.22654108150101
peri_urban_low_income,saanjh,13,0.9772597994530537,13.518,13.518,1.218,654.241027056639,41.50428097713756,0.0,94.30633811607046
peri_urban_low_income,baseline,14,0.5981899109792285,225.687,225.687,0.0,10607.105876695372,0.0,0.0,84.73710053171801
peri_urban_low_income,saanjh,14,0.9868051434223541,7.431,7.431,0.748,360.3932133311377,26.337979135485405,0.0,93.39559996144389
peri_urban_low_income,baseline,15,0.5962836015658982,253.313,253.313,0.0,12181.649220225372,0.0,0.0,84.91736984327835
peri_urban_low_income,saanjh,15,0.9796642018268813,12.717,12.717,1.017,561.6961836904242,30.374087825907722,0.0,93.78407629315032
peri_urban_low_income,baseline,16,0.5900236638106895,273.062,273.062,0.0,13277.68274437221,0.0,0.0,89.40733487025447
peri_urban_low_income,saanjh,16,0.9757062423500612,16.126,16.126,1.727,772.6681052676118,52.693572957957656,0.0,94.33503808375715
peri_urban_low_income,baseline,17,0.5833061872025384,214.125,214.125,0.0,10192.85258392158,0.0,0.0,84.97458316714241
peri_urban_low_income,saanjh,17,0.9879407720782655,6.206,6.206,0.955,294.8176156404126,27.381227345141028,0.0,93.51822981769917
peri_urban_low_income,baseline,18,0.5978096212896622,221.25,221.25,0.0,10323.028968983037,0.0,0.0,86.35941507876534
peri_urban_low_income,saanjh,18,0.9823766632548618,9.7,9.7,1.152,465.0685535092087,32.10814317865982,0.0,93.51319174300978
peri_urban_low_income,baseline,19,0.5875878787878788,220.937,220.937,0.0,10539.489007959772,0.0,0.0,85.99216051345412
peri_urban_low_income,saanjh,19,0.9779535353535354,11.729,11.729,1.156,573.9946708736646,34.73450550333533,0.0,93.49758006674145
peri_urban_low_income,baseline,20,0.6045263157894737,250.75,250.75,0.0,11622.62478755338,0.0,0.0,88.83369308120187
peri_urban_low_income,saanjh,20,0.9859910793933988,8.894,8.894,1.014,430.2421799088364,29.15956513764788,0.0,93.48855498614796
peri_urban_low_income,baseline,21,0.5818535759627592,268.5,268.5,0.0,13193.11936082127,0.0,0.0,86.08127883071135
peri_urban_low_income,saanjh,21,0.9741904358865848,16.515,16.515,2.197,883.184081436037,79.38067021885679,0.0,94.10973415024932
peri_urban_low_income,baseline,22,0.5953178694158076,257.125,257.125,0.0,11976.869019418078,0.0,0.0,86.79731345335492
peri_urban_low_income,saanjh,22,0.9892199312714777,6.832,6.832,0.642,331.4808286437792,20.277272219866163,0.0,93.81876160328346
peri_urban_low_income,baseline,23,0.5927211009174312,239.188,239.188,0.0,11942.126107502869,0.0,0.0,87.7617412536097
peri_urban_low_income,saanjh,23,0.9745504587155963,14.903,14.903,1.66,761.6183401040566,47.159538003186974,0.0,94.08256219659215
peri_urban_low_income,baseline,24,0.6085195876288659,208.188,208.188,0.0,9726.444290768874,0.0,0.0,84.82523258965122
peri_urban_low_income,saanjh,24,0.9867278350515464,7.04,7.04,0.708,330.39217583376427,24.014075201142877,0.0,92.58348407556555
peri_urban_low_income,baseline,25,0.5909722337339411,269.375,269.375,0.0,12974.639916073207,0.0,0.0,88.26501564247347
peri_urban_low_income,saanjh,25,0.9829108992954828,11.269,11.269,1.1,535.2046617646938,34.74862442920955,0.0,93.85938550861428
peri_urban_low_income,baseline,26,0.5936245791245791,273.062,273.062,0.0,12804.281932190497,0.0,0.0,88.8435312596545
peri_urban_low_income,saanjh,26,0.9807390572390572,12.962,12.962,1.529,600.5464663517844,39.206591854839765,0.0,94.03894225363253
peri_urban_low_income,baseline,27,0.5912333965844402,243.688,243.688,0.0,10791.484769836821,0.0,0.0,84.85520413163975
peri_urban_low_income,saanjh,27,0.986910815939279,7.819,7.819,1.168,356.7397060752488,40.004915315511695,0.0,92.73263108141384
peri_urban_low_income,baseline,28,0.5850611880303707,253.562,253.562,0.0,12282.926025287627,0.0,0.0,88.65813617647717
peri_urban_low_income,saanjh,28,0.9772880750334971,13.89,13.89,1.305,668.9993785461902,40.97174635898402,0.0,94.08769073750607
peri_urban_low_income,baseline,29,0.5848172851103804,243.375,243.375,0.0,11410.885233382956,0.0,0.0,86.63153231039351
peri_urban_low_income,saanjh,29,0.9830155002348521,9.961,9.961,1.144,490.05814210286206,21.92144950580929,0.0,93.46009757050575
mixed_urban,baseline,0,0.622694099378882,75.9375,75.9375,0.0,2994.18524120894,0.0,0.0,83.46409706633115
mixed_urban,saanjh,0,0.9995186335403726,0.1125,0.1125,0.105,6.462383643474741,3.252152941260756,0.0,93.42204650815866
mixed_urban,baseline,1,0.6144909344490934,85.3125,85.3125,0.0,3162.1314424105144,0.0,0.0,84.03125274682463
mixed_urban,saanjh,1,0.9982287308228731,0.405,0.405,0.17125,18.40697115694474,4.878545637778583,0.0,90.6925810564865
mixed_urban,baseline,2,0.5945915032679738,72.125,72.125,0.0,2714.724732789384,0.0,0.0,76.3757533296247
mixed_urban,saanjh,2,0.991764705882353,1.4575,1.4575,0.2325,72.66936408595797,7.019825702956201,0.0,92.51058910868373
mixed_urban,baseline,3,0.649274661508704,55.625,55.625,0.0,2104.852647801908,0.0,0.0,78.45248045487759
mixed_urban,saanjh,3,0.9993326885880077,0.1225,0.1225,0.15375,8.026410940810184,3.4015616990526736,0.0,89.41540631716607
mixed_urban,baseline,4,0.6170855614973262,62.8125,62.8125,0.0,2530.0418701106755,0.0,0.0,81.45330150790546
mixed_urban,saanjh,4,0.9999019607843137,0.0275,0.0275,0.0,1.1160896671005036,0.0,0.0,92.07794504122401
mixed_urban,baseline,5,0.6165085388994307,58.75,58.75,0.0,2166.3181632749584,0.0,0.0,81.74967022599088
mixed_urban,saanjh,5,0.9991081593927894,0.145,0.145,0.0475,14.049081538162223,2.2866470999018063,0.0,91.05837459543523
mixed_urban,baseline,6,0.6168895705521472,94.625,94.625,0.0,3617.2638269026456,0.0,0.0,82.21580375996045
mixed_urban,saanjh,6,0.9969509202453988,0.7575,0.7575,0.1725,36.839354602894836,5.736827114460845,0.0,93.43101965021154
mixed_urban,baseline,7,0.6248908296943232,78.5625,78.5625,0.0,3185.834845195738,0.0,0.0,86.7696797878457
mixed_urban,saanjh,7,0.9965065502183406,0.73875,0.73875,0.71,26.836692925822177,27.508520916241913,0.0,93.40696624301026
mixed_urban,baseline,8,0.5972642967542504,76.1875,76.1875,0.0,2918.765732874628,0.0,0.0,86.60771569708446
mixed_urban,saanjh,8,0.9947681607418857,0.99625,0.99625,0.19875,51.53547684730225,8.563632255328539,0.0,91.77875178432167
mixed_urban,baseline,9,0.6132042253521127,65.0,65.0,0.0,2630.8460220869047,0.0,0.0,85.38459377354356
mixed_urban,saanjh,9,0.9952816901408451,0.81375,0.81375,0.18625,43.844664412213824,6.355554421655836,0.0,92.5761032947742
mixed_urban,baseline,10,0.5862846715328467,89.6875,89.6875,0.0,3180.5617471240457,0.0,0.0,82.76278109747084
mixed_urban,saanjh,10,0.9988102189781022,0.2675,0.2675,0.03,13.223260865182457,1.042751918117631,0.0,93.37016665378748
mixed_urban,baseline,11,0.6080730659025788,84.4375,84.4375,0.0,3028.647512206757,0.0,0.0,80.73824884998898
mixed_urban,saanjh,11,0.9965186246418338,0.78125,0.78125,0.055,28.519409143799876,0.6309178383413216,0.0,90.29251006067706
mixed_urban,baseline,12,0.5985062240663901,85.375,85.375,0.0,3217.524036995738,0.0,0.0,81.75349378894687
mixed_urban,saanjh,12,0.9961065006915629,0.84,0.84,0.0675,31.473040551612904,4.1159328307309515,0.0,91.82146534722138
mixed_urban,baseline,13,0.6260905044510385,79.25,79.25,0.0,3078.0618432205624,0.0,0.0,83.66982986862081
mixed_urban,saanjh,13,0.9951557863501483,1.0425,1.0425,0.47875,61.74709279541946,14.257782893109567,0.0,93.07340289851011
mixed_urban,baseline,14,0.6095583333333333,69.3125,69.3125,0.0,2974.959044481536,0.0,0.0,84.0831488744724
mixed_urban,saanjh,14,0.9945166666666667,0.9875,0.9875,0.33375,50.052170970113664,16.201544688370298,0.0,91.57155881392325
mixed_urban,baseline,15,0.6219527896995708,81.0625,81.0625,0.0,3131.2808786470514,0.0,0.0,85.19150070238416
mixed_urban,saanjh,15,0.9998497854077253,0.0475,0.0475,0.03125,5.072576297083364,1.6738383142438658,0.0,90.98324042380864
mixed_urban,baseline,16,0.6150734214390602,79.4375,79.4375,0.0,3073.0476910924035,0.0,0.0,84.83987085399222
mixed_urban,saanjh,16,0.9972099853157121,0.58625,0.58625,0.0925,34.910024399284296,2.818295875486017,0.0,93.41902071437104
mixed_urban,baseline,17,0.6406305506216696,61.3125,61.3125,0.0,2212.7595338439723,0.0,0.0,80.91085866977488
mixed_urban,saanjh,17,0.9955062166962699,0.75625,0.75625,0.0225,26.027429431735406,0.32019211721328,0.0,86.47319742579278
mixed_urban,baseline,18,0.6132285368802902,98.125,98.125,0.0,3851.429823478366,0.0,0.0,82.4121233794381
mixed_urban,saanjh,18,0.998875453446191,0.305,0.305,0.26,19.17757853919757,7.588519282382081,0.0,92.66157571540256
mixed_urban,baseline,19,0.6109,81.0625,81.0625,0.0,3213.681918247399,0.0,0.0,82.52249679737841
mixed_urban,saanjh,19,0.9951642857142857,1.0175,1.0175,0.50625,59.11361663363004,16.477357396091065,0.0,93.61565650433786
mixed_urban,baseline,20,0.6255108359133127,72.0,72.0,0.0,2696.6803829428823,0.0,0.0,78.07810987600176
mixed_urban,saanjh,20,0.9958823529411764,0.80125,0.80125,0.2575,39.90566737754165,10.951210600496262,0.0,91.81539051425683
mixed_urban,baseline,21,0.6164228187919463,85.5625,85.5625,0.0,3472.622973413254,0.0,0.0,81.55926704691309
mixed_urban,saanjh,21,0.9985637583892617,0.33375,0.33375,0.14375,14.48080039370544,4.8470743049086265,0.0,91.38781380158146
mixed_urban,baseline,22,0.6046360759493671,76.1875,76.1875,0.0,2928.839419643917,0.0,0.0,80.3009628866676
mixed_urban,saanjh,22,0.9944462025316456,1.0925,1.0925,0.25875,57.32125529788522,7.681512096796482,0.0,90.85012403884096
mixed_urban,baseline,23,0.6099211563731932,88.875,88.875,0.0,3415.946532595666,0.0,0.0,86.33901908554303
mixed_urban,saanjh,23,0.9988699080157687,0.2675,0.2675,0.06875,15.624476025764496,3.638116236450102,0.0,91.0391407731787
mixed_urban,baseline,24,0.6230014858841011,75.0625,75.0625,0.0,2888.8575505692397,0.0,0.0,88.2842430189157
mixed_urban,saanjh,24,0.9987518573551263,0.265,0.265,0.0425,12.720743669189108,4.568765021758294,0.0,91.14914096736287
mixed_urban,baseline,25,0.6143723554301833,83.875,83.875,0.0,3336.522773717431,0.0,0.0,80.46042484824466
mixed_urban,saanjh,25,0.992820874471086,1.57375,1.57375,0.40625,81.25497329027917,10.068695855898612,0.0,93.40207675359905
mixed_urban,baseline,26,0.6363109354413702,81.1875,81.1875,0.0,3059.7256462548976,0.0,0.0,80.31230127720684
mixed_urban,saanjh,26,0.9921541501976284,1.785,1.785,0.26625,87.13043776210655,9.111576275321477,0.0,91.68013924212123
mixed_urban,baseline,27,0.6188532110091743,73.3125,73.3125,0.0,2964.130047741436,0.0,0.0,82.86245751908663
mixed_urban,saanjh,27,0.9928363914373088,1.3925,1.3925,0.23125,69.8115642787752,8.602000941058497,0.0,91.50665402244434
mixed_urban,baseline,28,0.6056375838926175,91.8125,91.8125,0.0,3629.804101555981,0.0,0.0,94.83762667383303
mixed_urban,saanjh,28,0.9940671140939598,1.37625,1.37625,0.08,49.713381792220545,2.107682367302133,0.0,90.80314427975892
mixed_urban,baseline,29,0.6156045519203414,78.5625,78.5625,0.0,3184.7456543982616,0.0,0.0,83.690347519336
mixed_urban,saanjh,29,0.9948435277382646,1.075,1.075,0.56625,56.14337880422536,14.286211135653167,0.0,93.56583432356736
