Time,Gross_Demand_kW,Solar_Gen_kW,Load_kW,Transformer_Loading_%,Flexibility_Required_kW,Flexibility_Available_kW,Flexibility_Committed_kW,Flexibility_Delivered_kW,Flexibility_Shortfall_kW,Active_Homes,Voltage_V,Line_Loss_kW
16.0,21.0,7.500000000000001,13.5,14.210526315789473,0.0,92.55,0.0,0.0,0.0,0,238.3600896349065,0.09509753111433365
16.083333333333332,21.0,7.2148315337908215,13.785168466209178,14.51070364864124,0.0,92.55,0.0,0.0,0.0,0,238.32520310831615,0.09918659444092814
16.166666666666664,21.0,6.926229198525515,14.073770801474485,14.814495580499457,0.0,92.55,0.0,0.0,0.0,0,238.28988599416437,0.10341379518052571
16.249999999999996,21.0,6.634330353285033,14.365669646714966,15.121757522857859,0.0,92.55,0.0,0.0,0.0,0,238.25415472255034,0.10778033074228775
16.33333333333333,21.0,6.339273926110508,14.660726073889492,15.432343235673148,0.0,92.55,0.0,0.0,0.0,0,238.2180259311597,0.11228724366766328
16.41666666666666,21.0,6.041200347881081,14.95879965211892,15.746104896967287,0.0,92.55,0.0,0.0,0.0,0,238.18151645805145,0.11693541516213588
16.499999999999993,21.0,5.740251485476377,15.259748514523622,16.06289317318276,0.0,92.55,0.0,0.0,0.0,0,238.14464333433014,0.12172555886573802
16.583333333333325,21.0,5.436570574255557,15.563429425744443,16.38255729025731,0.0,92.55,0.0,0.0,0.0,0,238.10742377670576,0.12665821487635975
16.666666666666657,21.0,5.130302149885065,15.869697850114935,16.704945105384144,0.0,92.55,0.0,0.0,0.0,0,238.06987517994327,0.13173374403971372
16.74999999999999,21.0,4.8215919795474615,16.178408020452537,17.029903179423723,0.0,92.55,0.0,0.0,0.0,0,238.0320151092046,0.13695232251937847
16.83333333333332,21.0,4.510586992564142,16.489413007435857,17.357276849932482,0.0,92.55,0.0,0.0,0.0,0,237.9938612922852,0.142313936659845
16.916666666666654,21.0,4.197435210464931,16.80256478953507,17.686910304773757,0.0,92.55,0.0,0.0,0.0,0,237.95543161174754,0.14781837815518867
16.999999999999986,21.0,3.8822856765378657,17.117714323462135,18.018646656275934,0.0,92.55,0.0,0.0,0.0,0,237.91674409695455,0.15346523953524427
17.083333333333318,24.0,3.5652883848926553,20.434711615107346,21.510222752744575,0.0,92.55,0.0,0.0,0.0,0,237.50877789761734,0.21945514826873444
17.16666666666665,24.0,3.246594209071605,20.753405790928394,21.845690306240414,0.0,92.55,0.0,0.0,0.0,0,237.46950610930426,0.22642849892566194
17.249999999999982,24.0,2.926354830241994,21.073645169758006,22.182784389218956,0.0,92.55,0.0,0.0,0.0,0,237.43003065508393,0.2335479231418483
17.333333333333314,24.0,2.604722665004029,21.39527733499597,22.521344563153654,0.0,92.55,0.0,0.0,0.0,0,237.39037012709872,0.2408116949858645
17.416666666666647,24.0,2.2818507928488274,21.71814920715117,22.861209691738075,0.0,92.55,0.0,0.0,0.0,0,237.35054322353025,0.24821786785868272
17.49999999999998,24.0,1.957892883300859,22.042107116699142,23.202218017578044,0.0,92.55,0.0,0.0,0.0,0,237.31056874006606,0.2557642723082301
17.58333333333331,31.5,1.6330031227795567,29.866996877220444,31.438944081284674,0.0,92.55,0.0,0.0,0.0,0,236.34084437909485,0.473447104767398
17.666666666666643,31.5,1.307336141214965,30.192663858785036,31.781751430300037,0.0,92.55,0.0,0.0,0.0,0,236.30030955093866,0.4839941295757405
17.749999999999975,31.5,0.9810469384522457,30.518953061547755,32.12521374899764,0.0,92.55,0.0,0.0,0.0,0,236.25968308706152,0.4946815702957068
17.833333333333307,31.5,0.6542908104801433,30.845709189519855,32.46916756791564,0.0,92.55,0.0,0.0,0.0,0,236.21898423788426,0.5055050691247682
17.91666666666664,31.5,0.3272232755185238,31.172776724481476,32.813449183664716,0.0,92.55,0.0,0.0,0.0,0,236.17823230837445,0.5164600332601444
17.99999999999997,31.5,1.1416123361112644e-13,31.499999999999886,33.15789473684199,0.0,92.55,0.0,0.0,0.0,0,236.13744664901657,0.5275416357258602
18.083333333333304,73.10036560188601,0.0,73.10036560188601,76.94775326514318,0.0,92.55,0.0,0.0,0.0,0,230.82969219603584,2.973204760113271
18.166666666666636,75.42231852009601,0.0,75.42231852009601,79.39191423168002,0.0,92.55,0.0,0.0,0.0,0,230.52590734313344,3.1734330726815445
18.249999999999968,72.51678382753103,0.0,72.51678382753103,76.33345666055898,0.0,92.55,0.0,0.0,0.0,0,230.90591196187455,2.9239909933135437
18.3333333333333,74.61367243974973,0.0,74.61367243974973,78.54070783131552,0.0,92.55,0.0,0.0,0.0,0,230.63179872513177,3.1028981928194757
18.416666666666632,75.57142774335037,0.0,75.57142774335037,79.54887130878987,0.0,92.55,0.0,0.0,0.0,0,230.50637053361697,3.1865332587088515
18.499999999999964,75.04612147452475,0.0,75.04612147452475,78.99591734160501,0.0,92.55,0.0,0.0,0.0,0,230.5751826102247,3.140511931573525
18.583333333333297,117.9614594932706,0.0,117.9614594932706,124.1699573613375,0.0,92.55,0.0,0.0,0.0,0,224.80431290243206,8.162816958311586
18.66666666666663,125.90406217595012,0.0,125.90406217595012,132.53059176415803,0.0,92.55,0.0,0.0,0.0,0,223.70096055770537,9.391021722934129
18.74999999999996,134.12395759749128,0.0,134.12395759749128,141.18311326051716,0.0,92.55,0.0,0.0,0.0,0,222.54655694332928,10.768123127698592
18.833333333333293,137.7842028556039,0.0,137.7842028556039,145.03600300589883,0.0,92.55,0.0,0.0,0.0,0,222.0282980529947,11.416980140909056
18.916666666666625,144.53377921011992,0.0,144.53377921011992,152.14082022117887,0.0,92.55,0.0,0.0,0.0,0,221.06563094656076,12.672587611928632
18.999999999999957,154.11136172222496,0.0,154.11136172222496,162.2224860233947,0.0,92.55,0.0,0.0,0.0,0,219.6836220955016,14.589586359977286
19.08333333333329,154.1359519199378,0.0,154.1359519199378,162.2483704420398,0.0,92.55,0.0,0.0,0.0,0,219.6800491024119,14.594717335030122
19.16666666666662,153.14131660734182,0.0,153.14131660734182,161.2013859024651,0.0,92.55,0.0,0.0,0.0,0,219.82446884719351,14.388042587408417
19.249999999999954,151.99305557038102,0.0,151.99305557038102,159.9926900740853,0.0,92.55,0.0,0.0,0.0,0,219.99093481407317,14.151645802378738
19.333333333333286,152.90399630061322,0.0,152.90399630061322,160.95157505327708,0.0,92.55,0.0,0.0,0.0,0,219.85889650710087,14.338991647885296
19.416666666666618,153.66035109013504,0.0,153.66035109013504,161.74773798961584,0.0,92.55,0.0,0.0,0.0,0,219.7491318703548,14.495671267819727
19.49999999999995,151.76084427421802,0.0,151.76084427421802,159.7482571307558,0.0,92.55,0.0,0.0,0.0,0,220.0245652447556,14.104125189589034
19.583333333333282,135.36137968358136,0.0,135.36137968358136,142.4856628248225,0.0,92.55,0.0,0.0,0.0,0,222.37164302495486,10.984993048605423
19.666666666666615,132.83704320979842,0.0,132.83704320979842,139.82846653662992,0.0,92.55,0.0,0.0,0.0,0,222.72815006590514,10.545258597189216
19.749999999999947,125.58713076180506,0.0,125.58713076180506,132.19697974926848,0.0,92.55,0.0,0.0,0.0,0,223.74521264598508,9.34010657262202
19.83333333333328,117.40644281171308,0.0,117.40644281171308,123.58572927548745,0.0,92.55,0.0,0.0,0.0,0,224.88097848188318,8.080671967054476
19.91666666666661,111.74551621869699,0.0,111.74551621869699,117.62685917757578,0.0,92.55,0.0,0.0,0.0,0,225.65974874142165,7.269776762441838
19.999999999999943,109.16513735276769,0.0,109.16513735276769,114.91067089765022,0.0,92.55,0.0,0.0,0.0,0,226.01282704861828,6.9162521706077476
20.083333333333275,78.8543153590128,0.0,78.8543153590128,83.00454248317138,0.0,92.55,0.0,0.0,0.0,0,230.07535435550446,3.482409170394593
20.166666666666607,78.45768093421505,0.0,78.45768093421505,82.58703256233163,0.0,92.55,0.0,0.0,0.0,0,230.127519018276,3.4459017406421877
20.24999999999994,79.11922411105546,0.0,79.11922411105546,83.28339380111102,0.0,92.55,0.0,0.0,0.0,0,230.04050021335337,3.5069090188599854
20.33333333333327,78.79074393151288,0.0,78.79074393151288,82.93762519106619,0.0,92.55,0.0,0.0,0.0,0,230.08371682563433,3.476543752526415
20.416666666666604,78.44806946762702,0.0,78.44806946762702,82.57691522908108,0.0,92.55,0.0,0.0,0.0,0,230.12878279406516,3.4450196735674314
20.499999999999936,78.78750804347854,0.0,78.78750804347854,82.9342189931353,0.0,92.55,0.0,0.0,0.0,0,230.08414247179707,3.4762453374505564
20.583333333333268,78.93227845263738,0.0,78.93227845263738,83.08660889751303,0.0,92.55,0.0,0.0,0.0,0,230.06509787159638,3.489609793895912
20.6666666666666,78.77367428714156,0.0,78.77367428714156,82.91965714435955,0.0,92.55,0.0,0.0,0.0,0,230.08596213460274,3.4749697395383277
20.749999999999932,78.6755482095806,0.0,78.6755482095806,82.81636653640064,0.0,92.55,0.0,0.0,0.0,0,230.09886856413615,3.4659289477814577
20.833333333333265,78.43383193037631,0.0,78.43383193037631,82.56192834776455,0.0,92.55,0.0,0.0,0.0,0,230.13065480786202,3.443713287121994
20.916666666666597,78.6974144245416,0.0,78.6974144245416,82.83938360478064,0.0,92.55,0.0,0.0,0.0,0,230.09599265305073,3.467942467934998
20.99999999999993,78.5948391348647,0.0,78.5948391348647,82.73140961564705,0.0,92.55,0.0,0.0,0.0,0,230.10948301512298,3.4585024811114446
21.08333333333326,78.84689161986822,0.0,78.84689161986822,82.99672802091392,0.0,92.55,0.0,0.0,0.0,0,230.07633094022702,3.481723941150219
21.166666666666593,78.77515613298961,0.0,78.77515613298961,82.92121698209432,0.0,92.55,0.0,0.0,0.0,0,230.08576721720226,3.475106366974581
21.249999999999925,78.54343435922348,0.0,78.54343435922348,82.67729932549841,0.0,92.55,0.0,0.0,0.0,0,230.11624297758297,3.4537769819620037
21.333333333333258,78.92377894261409,0.0,78.92377894261409,83.07766204485694,0.0,92.55,0.0,0.0,0.0,0,230.06621607652892,3.488824390578432
21.41666666666659,78.87314524725933,0.0,78.87314524725933,83.02436341816772,0.0,92.55,0.0,0.0,0.0,0,230.0728772654494,3.4841475447103534
21.499999999999922,78.30863416006994,0.0,78.30863416006994,82.43014122112626,0.0,92.55,0.0,0.0,0.0,0,230.14711498595076,3.432237201387772
21.583333333333254,78.28443140622258,0.0,78.28443140622258,82.40466463812903,0.0,92.55,0.0,0.0,0.0,0,230.15029672015717,3.4300210952787764
21.666666666666586,78.96443406951344,0.0,78.96443406951344,83.12045691527732,0.0,92.55,0.0,0.0,0.0,0,230.06086734004668,3.4925820287712988
21.74999999999992,78.69690408945372,0.0,78.69690408945372,82.83884640995129,0.0,92.55,0.0,0.0,0.0,0,230.09605977473177,3.467895467170898
21.83333333333325,78.59736415050862,0.0,78.59736415050862,82.73406752685119,0.0,92.55,0.0,0.0,0.0,0,230.10915095332825,3.4587346895491033
21.916666666666583,78.52287209936006,0.0,78.52287209936006,82.65565484143164,0.0,92.55,0.0,0.0,0.0,0,230.11894689205022,3.451887735918438
