Metric,Baseline,SAANJH,Delta,Percent_Change_%,Unit
peak_demand_kw,154.1359519199378,109.18234681921217,-44.95360510072564,-29.164905747671188,kW
transformer_overload_duration,90.0,60.0,-30.0,-33.33333333333333,minutes
renewable_deficit_peak,59.13595191993781,14.18234681921217,-44.95360510072564,-76.01738644807277,kW
renewable_deficit_energy,62.84308240463753,7.997863425937393,-54.84521897870013,-87.27327954023593,kWh
critical_load_availability,100.0,100.0,0.0,0.0,%
voltage_violation_duration,30.0,0.0,-30.0,-100.0,minutes
modeled_resistive_feeder_losses,25.87364976558972,16.740235608598958,-9.133414156990764,-35.30006102632498,kWh
dependable_flexibility_delivered,0.0,56.24689102172852,56.24689102172852,100.0,kW
delivery_ratio,0.0,0.9851254691170566,0.9851254691170566,100.0,ratio
