iteration,train_metric,validation_metric,best_validation_metric,improvement,rounds_without_improvement
0,1.04013432253215,1.0293181185136933,1.0293181185136933,inf,0
1,1.001879082541035,0.9930098441781345,0.9930098441781345,0.03630827433555872,0
2,0.9659909917690719,0.9592088182631353,0.9592088182631353,0.03380102591499923,0
3,0.9323570456330234,0.9276368240237557,0.9276368240237557,0.03157199423937962,0
4,0.9008155657314635,0.898813271184743,0.898813271184743,0.028823552839012723,0
5,0.8713578486402369,0.8716271885957431,0.8716271885957431,0.027186082588999905,0
6,0.8437994079186873,0.8459785984444637,0.8459785984444637,0.025648590151279405,0
7,0.818115287355842,0.8227498099135768,0.8227498099135768,0.023228788530886835,0
8,0.7941526823052716,0.8007318346150061,0.8007318346150061,0.022017975298570747,0
9,0.7717711242847942,0.7806332232194517,0.7806332232194517,0.020098611395554355,0
10,0.7509707745608515,0.7621516077953684,0.7621516077953684,0.01848161542408333,0
11,0.7315405116030765,0.7446262665017597,0.7446262665017597,0.01752534129360872,0
12,0.7135504877124271,0.7285107934794846,0.7285107934794846,0.016115473022275117,0
13,0.6967956590012412,0.7136096265635024,0.7136096265635024,0.0149011669159822,0
14,0.6812855427785096,0.6999682113341217,0.6999682113341217,0.013641415229380671,0
15,0.6668076334337751,0.6874387516908389,0.6874387516908389,0.012529459643282781,0
16,0.6534662044999451,0.6761708420429705,0.6761708420429705,0.01126790964786839,0
17,0.6411853721944638,0.6652738154833813,0.6652738154833813,0.01089702655958924,0
18,0.6297527054526186,0.6555388012406833,0.6555388012406833,0.009735014242697959,0
19,0.6191740038959977,0.646764572350376,0.646764572350376,0.008774228890307323,0
20,0.6093956714502045,0.6389009062542808,0.6389009062542808,0.007863666096095234,0
21,0.6003640563567364,0.6315460718001471,0.6315460718001471,0.007354834454133652,0
22,0.5920243338614727,0.6248370673500425,0.6248370673500425,0.006709004450104583,0
23,0.5842672531911683,0.61847161759935,0.61847161759935,0.006365449750692531,0
24,0.5771836253692157,0.6131507333483682,0.6131507333483682,0.005320884250981761,0
25,0.5706463966548374,0.6080215327963009,0.6080215327963009,0.005129200552067337,0
26,0.5645861241789032,0.6029967376054884,0.6029967376054884,0.005024795190812448,0
27,0.5589909948049081,0.5987453445906341,0.5987453445906341,0.004251393014854332,0
28,0.5539727544237767,0.5950281367936079,0.5950281367936079,0.003717207797026223,0
29,0.5492033063644731,0.5908256490429832,0.5908256490429832,0.004202487750624706,0
30,0.5447949097221019,0.5871636336526233,0.5871636336526233,0.0036620153903599295,0
31,0.5407472695889691,0.584212988886036,0.584212988886036,0.0029506447665872404,0
32,0.5369339697514786,0.5814387047742617,0.5814387047742617,0.0027742841117742723,0
33,0.5334591053808316,0.5789310836136202,0.5789310836136202,0.0025076211606415155,0
34,0.5302900612494539,0.5763496927551361,0.5763496927551361,0.0025813908584840783,0
35,0.5272814211254311,0.5744787702090243,0.5744787702090243,0.001870922546111875,0
36,0.5243620322607266,0.572366714743275,0.572366714743275,0.0021120554657492185,0
37,0.5218218948197049,0.5707046356616737,0.5707046356616737,0.0016620790816013198,0
38,0.5193552560003691,0.5693618720753946,0.5693618720753946,0.001342763586279161,0
39,0.5171088806258074,0.5677455609829768,0.5677455609829768,0.001616311092417777,0
40,0.5150536276248527,0.566434279795407,0.566434279795407,0.001311281187569846,0
41,0.5130402867626386,0.5647513542454528,0.5647513542454528,0.001682925549954195,0
42,0.5111549495788466,0.5633539379319522,0.5633539379319522,0.0013974163135005435,0
43,0.5094672629942405,0.5621570161367125,0.5621570161367125,0.0011969217952396694,0
44,0.5078852096400741,0.5614031427331112,0.5614031427331112,0.000753873403601335,0
45,0.5063461422803004,0.5602946254750121,0.5602946254750121,0.0011085172580991287,0
46,0.5049813360937359,0.5593447526926782,0.5593447526926782,0.0009498727823338271,0
47,0.5036743608128514,0.5586339455004755,0.5586339455004755,0.0007108071922027337,0
48,0.5023778069117184,0.5580565225482477,0.5580565225482477,0.0005774229522278462,0
49,0.5011240630979937,0.5572745995488341,0.5572745995488341,0.0007819229994135979,0
50,0.5000283722169921,0.5566868302309904,0.5566868302309904,0.000587769317843656,0
51,0.49889846931913806,0.5560956143793736,0.5560956143793736,0.0005912158516168109,0
52,0.497880904527805,0.5552353472450057,0.5552353472450057,0.0008602671343679313,0
53,0.49686995509175624,0.5549507627600749,0.5549507627600749,0.00028458448493073885,0
54,0.49584691647988294,0.5542960703606602,0.5542960703606602,0.0006546923994147358,0
55,0.4949953768713974,0.5540184402999031,0.5540184402999031,0.00027763006075709473,0
56,0.49413841184863994,0.5537384645604162,0.5537384645604162,0.000279975739486904,0
57,0.4932704721690846,0.5533551349191321,0.5533551349191321,0.0003833296412840692,0
58,0.49240272533444024,0.552775532942109,0.552775532942109,0.0005796019770231142,0
59,0.4916020757065929,0.5522231833577581,0.5522231833577581,0.0005523495843509085,0
60,0.4909380415275209,0.5517416310156461,0.5517416310156461,0.0004815523421120016,0
61,0.4901678854637049,0.5515294096420718,0.5515294096420718,0.00021222137357435056,0
62,0.48952506719336014,0.5512727591861095,0.5512727591861095,0.00025665045596223734,0
63,0.48885069011349597,0.5511773338192614,0.5512727591861095,9.542536684814529e-05,1
64,0.48803616760030466,0.551237194767487,0.5512727591861095,3.556441862251347e-05,2
65,0.48723094917059406,0.551116366239728,0.551116366239728,0.00015639294638147838,0
66,0.486533438570517,0.5508546092775479,0.5508546092775479,0.00026175696218011524,0
67,0.48584164436294325,0.5507189120796674,0.5507189120796674,0.00013569719788053547,0
68,0.485361151892357,0.5505440445371869,0.5505440445371869,0.00017486754248052794,0
69,0.4847620703661148,0.5503200565271904,0.5503200565271904,0.0002239880099964564,0
70,0.4840237249523157,0.5503907615861683,0.5503200565271904,-7.070505897788237e-05,1
71,0.4832848046907209,0.5502442733609126,0.5503200565271904,7.578316627776527e-05,2
72,0.48279699717496644,0.5500785575187811,0.5500785575187811,0.00024149900840930716,0
73,0.48218324445563165,0.5499435228847692,0.5499435228847692,0.00013503463401187688,0
74,0.4815732590876308,0.5499152966705441,0.5499435228847692,2.8226214225157698e-05,1
75,0.48125952583491405,0.5497973192057682,0.5497973192057682,0.00014620367900097797,0
76,0.48071658815935014,0.5496973099019,0.5496973099019,0.00010000930386822038,0
77,0.48004240088126093,0.549453277177925,0.549453277177925,0.0002440327239749962,0
78,0.47967484543077477,0.5494689379327455,0.549453277177925,-1.5660754820512324e-05,1
79,0.47908667222746115,0.5493116930711635,0.5493116930711635,0.00014158410676157196,0
80,0.4786391579474466,0.549242815521916,0.5493116930711635,6.887754924744804e-05,1
81,0.4782150061401053,0.5490915793631668,0.5490915793631668,0.00022011370799668306,0
82,0.47769233209804385,0.5489671422613073,0.5489671422613073,0.00012443710185949808,0
83,0.47720246989859755,0.548989340410382,0.5489671422613073,-2.2198149074781348e-05,1
84,0.4768742798739144,0.548734640867527,0.548734640867527,0.00023250139378028223,0
85,0.47635393220387257,0.548672884438358,0.548734640867527,6.175642916894653e-05,1
86,0.47583426823904706,0.5484586637461105,0.5484586637461105,0.0002759771214164708,0
87,0.475323756074204,0.5483794826330748,0.5484586637461105,7.918111303573117e-05,1
88,0.4749188673425792,0.548334990731053,0.548334990731053,0.00012367301505755712,0
89,0.4745127803347895,0.5481599706324393,0.5481599706324393,0.0001750200986136985,0
90,0.4742087587387176,0.5482677389174858,0.5481599706324393,-0.00010776828504655,1
91,0.47381966603503034,0.5483154242575284,0.5481599706324393,-0.0001554536250891747,2
92,0.4734437806016589,0.5483890973249307,0.5481599706324393,-0.00022912669249142148,3
93,0.4729105138931093,0.5483374931381335,0.5481599706324393,-0.00017752250569424977,4
94,0.4723837504316182,0.5482686392113459,0.5481599706324393,-0.0001086685789066788,5
95,0.47204265031575954,0.5482726973939431,0.5481599706324393,-0.0001127267615038674,6
96,0.4714016977007981,0.5477342684924595,0.5477342684924595,0.0004257021399797223,0
97,0.4708639591223989,0.547749523499206,0.5477342684924595,-1.5255006746484057e-05,1
98,0.4705420812835528,0.5476970743810735,0.5477342684924595,3.719411138602968e-05,2
99,0.47024370582381236,0.5476206216640936,0.5476206216640936,0.00011364682836589868,0
100,0.4697891939901812,0.5474299151838817,0.5474299151838817,0.00019070648021191072,0
101,0.46942634932882915,0.5475121585003296,0.5474299151838817,-8.224331644790528e-05,1
102,0.46896235594759983,0.5476515896235131,0.5474299151838817,-0.00022167443963139188,2
103,0.4684332194927499,0.5472435524468713,0.5472435524468713,0.00018636273701044814,0
104,0.46807582099289347,0.5473758296225597,0.5472435524468713,-0.00013227717568842223,1
105,0.46780061979961385,0.5473373421848675,0.5472435524468713,-9.378973799623047e-05,2
106,0.4674166380409789,0.5471982478594415,0.5472435524468713,4.530458742979526e-05,3
107,0.467104921383723,0.5471117791632947,0.5471117791632947,0.00013177328357660834,0
108,0.46673560940276965,0.5470950047691221,0.5471117791632947,1.6774394172580642e-05,1
109,0.46642462907972165,0.5470684068738165,0.5471117791632947,4.337228947814964e-05,2
110,0.4659945251473009,0.5470404971468137,0.5471117791632947,7.128201648098909e-05,3
111,0.46573835157091154,0.5468730775203668,0.5468730775203668,0.00023870164292782992,0
112,0.4653314957711631,0.5468249258336085,0.5468730775203668,4.815168675831316e-05,1
113,0.4649482704460606,0.5470036985831307,0.5468730775203668,-0.0001306210627638471,2
114,0.4646893540998574,0.5470195091217392,0.5468730775203668,-0.00014643160137239875,3
115,0.46445727501042433,0.5469206758309839,0.5468730775203668,-4.759831061706965e-05,4
116,0.4641067593644825,0.5468358731330096,0.5468730775203668,3.720438735721476e-05,5
117,0.4638388281849813,0.5467377814398244,0.5467377814398244,0.00013529608054241304,0
118,0.46359492838232164,0.546763842363787,0.5467377814398244,-2.6060923962512028e-05,1
119,0.4632472686735286,0.5469533216494787,0.5467377814398244,-0.00021554020965430798,2
120,0.462842286370143,0.5469239378468623,0.5467377814398244,-0.00018615640703789627,3
121,0.4626214758591748,0.5467664768930998,0.5467377814398244,-2.8695453275329186e-05,4
122,0.46239859531544614,0.546793845070751,0.5467377814398244,-5.606363092658384e-05,5
123,0.46207648351542974,0.5467001289611011,0.5467377814398244,3.765247872333788e-05,6
124,0.46181702797781954,0.5465548727154826,0.5465548727154826,0.0001829087243417904,0
125,0.4615412965950774,0.5464611259582084,0.5465548727154826,9.374675727424897e-05,1
126,0.46099555732907216,0.546631319605692,0.5465548727154826,-7.644689020935846e-05,2
127,0.4605943496289402,0.5466429610731938,0.5465548727154826,-8.808835771112467e-05,3
128,0.4603344975312764,0.5465929501156469,0.5465548727154826,-3.807740016426031e-05,4
129,0.4599916144660696,0.546547945424633,0.5465548727154826,6.927290849612078e-06,5
130,0.4597391395842389,0.5463833154747366,0.5463833154747366,0.00017155724074602308,0
131,0.45949398868925606,0.5462325785046643,0.5462325785046643,0.00015073697007228493,0
132,0.4589755292468384,0.5464219707476478,0.5462325785046643,-0.0001893922429834216,1
133,0.4586979861112664,0.5464054369072753,0.5462325785046643,-0.00017285840261094254,2
134,0.4584815686874383,0.5463189223150782,0.5462325785046643,-8.634381041383588e-05,3
135,0.45834561437752686,0.5462333340972338,0.5462325785046643,-7.555925695124088e-07,4
136,0.4580817594682904,0.546261099895071,0.5462325785046643,-2.8521390406655023e-05,5
137,0.4577073716324626,0.5462559131611952,0.5462325785046643,-2.333465653081568e-05,6
138,0.45725916673346056,0.5462669772928862,0.5462325785046643,-3.4398788221867704e-05,7
139,0.45683577134076886,0.5462959713303124,0.5462325785046643,-6.339282564804538e-05,8
140,0.45648812775111675,0.5462819728866687,0.5462325785046643,-4.939438200435298e-05,9
141,0.4562209986292301,0.5462164918223574,0.5462325785046643,1.608668230690391e-05,10
142,0.45594910518695514,0.5462242129641827,0.5462325785046643,8.365540481669598e-06,11
143,0.45561165886522836,0.5464217596832659,0.5462325785046643,-0.0001891811786015607,12
144,0.4551391747295954,0.5465528762508034,0.5462325785046643,-0.00032029774613906437,13
145,0.4550129185820389,0.5465857089357903,0.5462325785046643,-0.00035313043112594755,14
146,0.4547898375265697,0.5465064114642468,0.5462325785046643,-0.0002738329595824984,15
147,0.4543900555036507,0.5465619746179881,0.5462325785046643,-0.0003293961133237211,16
148,0.4541875065565157,0.5465544826567228,0.5462325785046643,-0.0003219041520584609,17
149,0.45393111238556644,0.5465164523045752,0.5462325785046643,-0.00028387379991090533,18
150,0.4537064225708571,0.5464637760156619,0.5462325785046643,-0.00023119751099753838,19
151,0.45362475610408676,0.5464241213855646,0.5462325785046643,-0.00019154288090028615,20
152,0.4531860676420496,0.546483511355391,0.5462325785046643,-0.0002509328507266373,21
153,0.45293329460734183,0.546468188993867,0.5462325785046643,-0.00023561048920262007,22
154,0.45267109015972673,0.5464720741801533,0.5462325785046643,-0.00023949567548897654,23
155,0.45229926934468223,0.5465729750941654,0.5462325785046643,-0.00034039658950102414,24
156,0.45204557321156846,0.5465332172153544,0.5462325785046643,-0.0003006387106900821,25
157,0.45165316267516575,0.5464616147149927,0.5462325785046643,-0.0002290362103283261,26
158,0.4514262355888326,0.5464186769555714,0.5462325785046643,-0.00018609845090711286,27
159,0.4509507088171244,0.5462415235399808,0.5462325785046643,-8.945035316454408e-06,28
160,0.45064719750564103,0.5462035363255244,0.5462325785046643,2.9042179139904256e-05,29
161,0.4504279065474177,0.5461868146927559,0.5462325785046643,4.576381190846135e-05,30
162,0.4499787246375427,0.5463282395849556,0.5462325785046643,-9.566108029124276e-05,31
163,0.44959786784742467,0.5461996189296603,0.5462325785046643,3.295957500404345e-05,32
164,0.4491618873614052,0.5461004630619354,0.5461004630619354,0.00013211544272895281,0
165,0.44892573819311576,0.5460102827050701,0.5461004630619354,9.018035686525483e-05,1
166,0.44872007194876967,0.5459990117046192,0.5459990117046192,0.0001014513573162068,0
167,0.4484867958412786,0.5459713736514141,0.5459990117046192,2.7638053205047974e-05,1
168,0.44822407592015207,0.5459726424090638,0.5459990117046192,2.636929555532852e-05,2
169,0.44810448370839556,0.5459833702961192,0.5459990117046192,1.5641408499966758e-05,3
170,0.4477313499794423,0.5459836204334034,0.5459990117046192,1.5391271215747793e-05,4
171,0.4476665020543499,0.5459528630394058,0.5459990117046192,4.614866521335248e-05,5
172,0.44735114256742087,0.5460166101360405,0.5459990117046192,-1.7598431421350647e-05,6
173,0.44710076828386297,0.5460080760922755,0.5459990117046192,-9.064387656354533e-06,7
174,0.44692329200451586,0.5460341248200964,0.5459990117046192,-3.511311547721441e-05,8
175,0.4465283032354535,0.5461187214344799,0.5459990117046192,-0.00011970972986075079,9
176,0.44631025348590375,0.5461715467711734,0.5459990117046192,-0.00017253506655423578,10
177,0.4460603060219334,0.5462073973959343,0.5459990117046192,-0.00020838569131509388,11
178,0.4458790529139306,0.5462044685815611,0.5459990117046192,-0.00020545687694195625,12
179,0.4456496241894796,0.5461500537231606,0.5459990117046192,-0.00015104201854143628,13
180,0.4453090610790945,0.5461911179172387,0.5459990117046192,-0.0001921062126195583,14
181,0.44491076393184387,0.5461335660813301,0.5459990117046192,-0.00013455437671094916,15
182,0.4446506756826236,0.5461327523360479,0.5459990117046192,-0.00013374063142868042,16
183,0.4442306292152862,0.5462650151493698,0.5459990117046192,-0.00026600344475058435,17
184,0.4439802882464184,0.5463109462752442,0.5459990117046192,-0.0003119345706250609,18
185,0.4437782299519332,0.5462959854150483,0.5459990117046192,-0.0002969737104291381,19
186,0.44335743584896026,0.5462660643936894,0.5459990117046192,-0.00026705268907023516,20
187,0.4431524195867418,0.5462609228902294,0.5459990117046192,-0.00026191118561025295,21
188,0.4428470707263005,0.5463270155364108,0.5459990117046192,-0.0003280038317916567,22
189,0.44265464600100346,0.5463096882346824,0.5459990117046192,-0.00031067653006322526,23
190,0.44245503947081205,0.5464024333550012,0.5459990117046192,-0.0004034216503819854,24
191,0.44207839614918265,0.546611707707354,0.5459990117046192,-0.000612696002734836,25
