month,outage_home_hours,banded_home_hours,deficit_hours,unserved_kwh,outage_hours_per_home
1,700.0,0.0,7.5,90.2662800395688,3.5
2,87.5,0.0,1.0,8.869523307235465,0.4375
3,1525.0,0.0,18.5,242.0399764445071,7.625
4,950.0,0.0,11.25,242.5296691338818,4.75
5,2562.5,0.0,25.5,551.1824411025759,12.8125
6,2362.5,0.0,22.75,584.661639274585,11.8125
7,2650.0,0.0,26.5,567.3476572330586,13.25
8,587.5,0.0,7.5,135.67744649723426,2.9375
9,1137.5,0.0,11.25,203.05350324219657,5.6875
10,375.0,0.0,4.5,81.9224680207939,1.875
11,825.0,0.0,8.0,125.09148926536295,4.125
12,1425.0,0.0,16.75,161.5431476479401,7.125
