home_id,segment,lt_feeder,has_inverter,has_pv,has_actuator,critical,opted_out,deficit_blocks,ess_ok_blocks,shed_blocks,shed_deficit_blocks,banded_blocks,unserved_kwh,band_curtailed_kwh,demand_kwh,relay_kwh,outage_backup_kwh,battery_cycles,relay_cycles,appliance_deferred_kwh,ac_avoided_kwh
HH-0001,low_income,1,False,False,False,False,False,2239.0,1228.0,1011.0,1011.0,0.0,25.122781975244,0.0,497.5410665577848,0.0,0.0,0.0,0.0,0.0,0.0
HH-0002,low_income,2,False,False,False,False,False,2239.0,1228.0,1011.0,1011.0,0.0,55.29767919253046,0.0,1027.7199864743818,0.0,0.0,0.0,0.0,0.0,0.0
HH-0003,low_income,2,False,False,False,False,False,2239.0,1228.0,1011.0,1011.0,0.0,32.05421139320925,0.0,718.1773549532162,0.0,0.0,0.0,0.0,0.0,0.0
HH-0004,low_income,3,False,False,False,False,False,2239.0,1228.0,1011.0,1011.0,0.0,40.858813626169145,0.0,955.0996521180417,0.0,0.0,0.0,0.0,0.0,0.0
HH-0005,low_income,2,False,False,False,False,False,2239.0,1228.0,1011.0,1011.0,0.0,39.940544537179804,0.0,780.0286222891358,0.0,0.0,0.0,0.0,0.0,0.0
HH-0006,low_income,4,False,False,False,False,False,2239.0,1229.0,1010.0,1010.0,0.0,45.70437259075882,0.0,922.8782679145817,0.0,0.0,0.0,0.0,0.0,0.0
HH-0007,low_income,4,False,False,False,False,False,2239.0,1229.0,1010.0,1010.0,0.0,48.043701417136084,0.0,1131.2430836583865,0.0,0.0,0.0,0.0,0.0,0.0
HH-0008,low_income,1,False,False,False,False,False,2239.0,1228.0,1011.0,1011.0,0.0,42.769798969966885,0.0,838.8232296088119,0.0,0.0,0.0,0.0,0.0,0.0
HH-0009,low_income,1,False,False,False,False,False,2239.0,1228.0,1011.0,1011.0,0.0,56.822112272685146,0.0,1216.4786658604996,0.0,0.0,0.0,0.0,0.0,0.0
HH-0010,low_income,4,False,False,False,False,False,2239.0,1229.0,1010.0,1010.0,0.0,51.02291292033331,0.0,1309.0651773410234,0.0,0.0,0.0,0.0,0.0,0.0
HH-0011,low_income,3,False,False,False,False,False,2239.0,1228.0,1011.0,1011.0,0.0,33.63308882807866,0.0,685.174577007371,0.0,0.0,0.0,0.0,0.0,0.0
HH-0012,low_income,2,False,False,False,False,False,2239.0,1228.0,1011.0,1011.0,0.0,33.25147330183914,0.0,688.9544599582613,0.0,0.0,0.0,0.0,0.0,0.0
HH-0013,low_income,4,False,False,False,False,False,2239.0,1229.0,1010.0,1010.0,0.0,37.31951104536983,0.0,748.1734864874976,0.0,0.0,0.0,0.0,0.0,0.0
HH-0014,low_income,3,False,False,False,False,False,2239.0,1228.0,1011.0,1011.0,0.0,53.443152993536444,0.0,1257.0541338940468,0.0,0.0,0.0,0.0,0.0,0.0
HH-0015,low_income,3,False,False,False,False,False,2239.0,1228.0,1011.0,1011.0,0.0,36.993162717244665,0.0,797.8828477452126,0.0,0.0,0.0,0.0,0.0,0.0
HH-0016,low_income,4,False,False,False,False,False,2239.0,1229.0,1010.0,1010.0,0.0,30.712961190178603,0.0,657.5987100913916,0.0,0.0,0.0,0.0,0.0,0.0
HH-0017,low_income,3,False,False,False,False,False,2239.0,1228.0,1011.0,1011.0,0.0,62.205972737670606,0.0,1569.0999736515696,0.0,0.0,0.0,0.0,0.0,0.0
HH-0018,low_income,4,False,False,False,False,False,2239.0,1229.0,1010.0,1010.0,0.0,67.85666974061661,0.0,1373.1384511058018,0.0,0.0,0.0,0.0,0.0,0.0
HH-0019,low_income,2,False,False,False,False,False,2239.0,1228.0,1011.0,1011.0,0.0,78.54369005477585,0.0,1657.852599813641,0.0,0.0,0.0,0.0,0.0,0.0
HH-0020,low_income,2,False,False,False,False,False,2239.0,1228.0,1011.0,1011.0,0.0,73.06264469856664,0.0,1716.26254357666,0.0,0.0,0.0,0.0,0.0,0.0
HH-0021,low_income,4,False,False,False,False,False,2239.0,1229.0,1010.0,1010.0,0.0,48.17085890985769,0.0,1279.808614337363,0.0,0.0,0.0,0.0,0.0,0.0
HH-0022,low_income,2,False,False,False,False,False,2239.0,1228.0,1011.0,1011.0,0.0,43.82227683630677,0.0,1049.4387222961755,0.0,0.0,0.0,0.0,0.0,0.0
HH-0023,low_income,2,False,False,False,False,False,2239.0,1228.0,1011.0,1011.0,0.0,30.897254111961203,0.0,641.2588174977627,0.0,0.0,0.0,0.0,0.0,0.0
HH-0024,low_income,1,False,False,False,False,False,2239.0,1228.0,1011.0,1011.0,0.0,38.50988506787803,0.0,765.3972176130596,0.0,0.0,0.0,0.0,0.0,0.0
HH-0025,low_income,4,False,False,False,False,False,2239.0,1229.0,1010.0,1010.0,0.0,27.93007126089502,0.0,562.9527636677619,0.0,0.0,0.0,0.0,0.0,0.0
HH-0026,low_income,3,False,False,False,False,False,2239.0,1228.0,1011.0,1011.0,0.0,38.64671239947433,0.0,814.223999919146,0.0,0.0,0.0,0.0,0.0,0.0
HH-0027,low_income,4,False,False,False,False,False,2239.0,1229.0,1010.0,1010.0,0.0,61.468856622189406,0.0,1250.033522042787,0.0,0.0,0.0,0.0,0.0,0.0
HH-0028,low_income,3,False,False,False,False,False,2239.0,1228.0,1011.0,1011.0,0.0,36.46258838043554,0.0,946.8059483269776,0.0,0.0,0.0,0.0,0.0,0.0
HH-0029,low_income,3,False,False,False,False,False,2239.0,1228.0,1011.0,1011.0,0.0,75.71842064365825,0.0,1958.227399832352,0.0,0.0,0.0,0.0,0.0,0.0
HH-0030,low_income,2,False,False,False,False,False,2239.0,1228.0,1011.0,1011.0,0.0,37.50841383136855,0.0,899.0796786791647,0.0,0.0,0.0,0.0,0.0,0.0
HH-0031,low_income,3,False,False,False,False,False,2239.0,1228.0,1011.0,1011.0,0.0,46.83339018045127,0.0,1036.084123314481,0.0,0.0,0.0,0.0,0.0,0.0
HH-0032,low_income,1,False,False,False,False,False,2239.0,1228.0,1011.0,1011.0,0.0,48.38855381012973,0.0,1231.4236103968128,0.0,0.0,0.0,0.0,0.0,0.0
HH-0033,low_income,3,False,False,False,False,False,2239.0,1228.0,1011.0,1011.0,0.0,38.24103551494857,0.0,788.9918983240461,0.0,0.0,0.0,0.0,0.0,0.0
HH-0034,low_income,3,False,False,False,False,False,2239.0,1228.0,1011.0,1011.0,0.0,56.15477792539141,0.0,1150.21095274355,0.0,0.0,0.0,0.0,0.0,0.0
HH-0035,low_income,1,False,False,False,False,False,2239.0,1228.0,1011.0,1011.0,0.0,52.42673330058767,0.0,1346.7519914911531,0.0,0.0,0.0,0.0,0.0,0.0
HH-0036,low_income,2,False,False,False,False,False,2239.0,1228.0,1011.0,1011.0,0.0,31.624101764382978,0.0,668.303418771302,0.0,0.0,0.0,0.0,0.0,0.0
HH-0037,low_income,1,False,False,False,False,False,2239.0,1228.0,1011.0,1011.0,0.0,49.87569927638939,0.0,993.4498590598984,0.0,0.0,0.0,0.0,0.0,0.0
HH-0038,low_income,2,False,False,False,False,False,2239.0,1228.0,1011.0,1011.0,0.0,46.968792599832405,0.0,1145.5772549299738,0.0,0.0,0.0,0.0,0.0,0.0
HH-0039,low_income,4,False,False,False,False,False,2239.0,1229.0,1010.0,1010.0,0.0,23.055179500108615,0.0,453.34786539639316,0.0,0.0,0.0,0.0,0.0,0.0
HH-0040,low_income,4,False,False,False,False,False,2239.0,1229.0,1010.0,1010.0,0.0,48.25077811961599,0.0,923.309389722035,0.0,0.0,0.0,0.0,0.0,0.0
HH-0041,low_income,2,False,False,False,False,False,2239.0,1228.0,1011.0,1011.0,0.0,40.17442961610494,0.0,918.1303340622579,0.0,0.0,0.0,0.0,0.0,0.0
HH-0042,low_income,4,False,False,False,False,False,2239.0,1229.0,1010.0,1010.0,0.0,63.63729880598576,0.0,1283.1705906719856,0.0,0.0,0.0,0.0,0.0,0.0
HH-0043,low_income,1,False,False,False,False,False,2239.0,1228.0,1011.0,1011.0,0.0,83.36358094796533,0.0,1956.926426969145,0.0,0.0,0.0,0.0,0.0,0.0
HH-0044,low_income,4,False,False,False,False,False,2239.0,1229.0,1010.0,1010.0,0.0,30.897307369639943,0.0,601.0777147206373,0.0,0.0,0.0,0.0,0.0,0.0
HH-0045,low_income,1,False,False,False,False,False,2239.0,1228.0,1011.0,1011.0,0.0,58.44836856450077,0.0,1402.2634808533983,0.0,0.0,0.0,0.0,0.0,0.0
HH-0046,low_income,1,False,False,False,False,False,2239.0,1228.0,1011.0,1011.0,0.0,47.337320566609264,0.0,1245.9145764986092,0.0,0.0,0.0,0.0,0.0,0.0
HH-0047,low_income,1,False,False,False,False,False,2239.0,1228.0,1011.0,1011.0,0.0,21.349071610882262,0.0,461.593063572204,0.0,0.0,0.0,0.0,0.0,0.0
HH-0048,low_income,1,False,False,False,False,False,2239.0,1228.0,1011.0,1011.0,0.0,27.347412532498264,0.0,617.0260678413475,0.0,0.0,0.0,0.0,0.0,0.0
HH-0049,low_income,3,False,False,False,False,False,2239.0,1228.0,1011.0,1011.0,0.0,38.3898951164986,0.0,1007.0998453832236,0.0,0.0,0.0,0.0,0.0,0.0
HH-0050,low_income,4,False,False,False,False,False,2239.0,1229.0,1010.0,1010.0,0.0,40.20955939701581,0.0,838.2989612854191,0.0,0.0,0.0,0.0,0.0,0.0
HH-0051,low_income,4,False,False,False,False,False,2239.0,1229.0,1010.0,1010.0,0.0,72.1602386792176,0.0,1874.1544968796059,0.0,0.0,0.0,0.0,0.0,0.0
HH-0052,low_income,2,False,False,False,False,False,2239.0,1228.0,1011.0,1011.0,0.0,39.77634655917118,0.0,867.7367225719357,0.0,0.0,0.0,0.0,0.0,0.0
HH-0053,low_income,3,False,False,False,False,False,2239.0,1228.0,1011.0,1011.0,0.0,41.772569495398635,0.0,1083.2299161109968,0.0,0.0,0.0,0.0,0.0,0.0
HH-0054,low_income,3,False,False,False,False,False,2239.0,1228.0,1011.0,1011.0,0.0,27.004203391074395,0.0,540.7346878949467,0.0,0.0,0.0,0.0,0.0,0.0
HH-0055,low_income,4,False,False,False,False,False,2239.0,1229.0,1010.0,1010.0,0.0,36.22386203789958,0.0,931.3023315570546,0.0,0.0,0.0,0.0,0.0,0.0
HH-0056,low_income,3,False,False,False,False,False,2239.0,1228.0,1011.0,1011.0,0.0,23.823949873986525,0.0,625.0423822334893,0.0,0.0,0.0,0.0,0.0,0.0
HH-0057,low_income,1,False,False,False,False,False,2239.0,1228.0,1011.0,1011.0,0.0,77.7071558248274,0.0,1810.3519306192036,0.0,0.0,0.0,0.0,0.0,0.0
HH-0058,low_income,1,False,False,False,False,False,2239.0,1228.0,1011.0,1011.0,0.0,37.704699726847934,0.0,771.964991929285,0.0,0.0,0.0,0.0,0.0,0.0
HH-0059,low_income,1,True,False,False,False,False,2239.0,2239.0,1011.0,1011.0,0.0,25.680998219144296,0.0,1622.862504603319,0.0,41.71505107393652,25.91046941283271,0.0,0.0,0.0
HH-0060,low_income,3,False,False,False,False,False,2239.0,1228.0,1011.0,1011.0,0.0,32.883045464916066,0.0,639.0024879086959,0.0,0.0,0.0,0.0,0.0,0.0
HH-0061,low_income,1,False,False,False,False,False,2239.0,1228.0,1011.0,1011.0,0.0,25.457064408796008,0.0,507.9829044770606,0.0,0.0,0.0,0.0,0.0,0.0
HH-0062,low_income,4,False,False,False,False,False,2239.0,1229.0,1010.0,1010.0,0.0,24.371090782382296,0.0,532.291181608092,0.0,0.0,0.0,0.0,0.0,0.0
HH-0063,low_income,3,False,False,False,False,False,2239.0,1228.0,1011.0,1011.0,0.0,30.285076396460635,0.0,613.4741775092621,0.0,0.0,0.0,0.0,0.0,0.0
HH-0064,low_income,1,False,False,False,False,False,2239.0,1228.0,1011.0,1011.0,0.0,49.54614583955978,0.0,1011.6471592383907,0.0,0.0,0.0,0.0,0.0,0.0
HH-0065,low_income,1,False,False,False,False,False,2239.0,1228.0,1011.0,1011.0,0.0,87.67766516937279,0.0,2078.8116574354576,0.0,0.0,0.0,0.0,0.0,0.0
HH-0066,low_income,2,False,False,False,False,False,2239.0,1228.0,1011.0,1011.0,0.0,19.398305986170342,0.0,446.41610894402044,0.0,0.0,0.0,0.0,0.0,0.0
HH-0067,low_income,1,False,False,False,False,False,2239.0,1228.0,1011.0,1011.0,0.0,73.73327934572139,0.0,1922.1515783554446,0.0,0.0,0.0,0.0,0.0,0.0
HH-0068,low_income,3,False,False,False,False,False,2239.0,1228.0,1011.0,1011.0,0.0,36.925193022100196,0.0,758.0153653033973,0.0,0.0,0.0,0.0,0.0,0.0
HH-0069,low_income,2,False,False,False,False,False,2239.0,1228.0,1011.0,1011.0,0.0,56.419054202050894,0.0,1072.7540163198678,0.0,0.0,0.0,0.0,0.0,0.0
HH-0070,low_income,1,False,False,False,False,False,2239.0,1228.0,1011.0,1011.0,0.0,66.99812075457413,0.0,1560.835695087524,0.0,0.0,0.0,0.0,0.0,0.0
HH-0071,low_income,4,False,False,False,False,False,2239.0,1229.0,1010.0,1010.0,0.0,37.7408802264617,0.0,740.5708477897106,0.0,0.0,0.0,0.0,0.0,0.0
HH-0072,low_income,1,False,False,False,False,False,2239.0,1228.0,1011.0,1011.0,0.0,53.92751258861115,0.0,1306.198632459393,0.0,0.0,0.0,0.0,0.0,0.0
HH-0073,low_income,3,False,False,False,False,False,2239.0,1228.0,1011.0,1011.0,0.0,59.6776116936253,0.0,1211.0710515900814,0.0,0.0,0.0,0.0,0.0,0.0
HH-0074,low_income,2,False,False,False,True,False,2239.0,1228.0,1011.0,1011.0,0.0,53.14429724532686,0.0,1234.2836365815883,0.0,0.0,0.0,0.0,0.0,0.0
HH-0075,low_income,2,False,False,False,False,False,2239.0,1228.0,1011.0,1011.0,0.0,35.14764700456571,0.0,905.3160278794053,0.0,0.0,0.0,0.0,0.0,0.0
HH-0076,low_income,2,False,False,False,False,False,2239.0,1228.0,1011.0,1011.0,0.0,37.51393448248419,0.0,956.8881705473929,0.0,0.0,0.0,0.0,0.0,0.0
HH-0077,low_income,2,False,False,False,False,False,2239.0,1228.0,1011.0,1011.0,0.0,41.356781499680295,0.0,839.3590435495121,0.0,0.0,0.0,0.0,0.0,0.0
HH-0078,low_income,1,False,False,False,False,False,2239.0,1228.0,1011.0,1011.0,0.0,35.36091066370732,0.0,730.534754411273,0.0,0.0,0.0,0.0,0.0,0.0
HH-0079,low_income,4,False,False,False,False,False,2239.0,1229.0,1010.0,1010.0,0.0,30.48726222891279,0.0,713.441849496304,0.0,0.0,0.0,0.0,0.0,0.0
HH-0080,low_income,2,False,False,False,False,False,2239.0,1228.0,1011.0,1011.0,0.0,36.58703437366962,0.0,760.473822464298,0.0,0.0,0.0,0.0,0.0,0.0
HH-0081,low_income,2,False,False,False,False,False,2239.0,1228.0,1011.0,1011.0,0.0,43.869978229704465,0.0,865.4585945399691,0.0,0.0,0.0,0.0,0.0,0.0
HH-0082,low_income,1,False,False,False,False,False,2239.0,1228.0,1011.0,1011.0,0.0,19.93478868823913,0.0,442.65448158496787,0.0,0.0,0.0,0.0,0.0,0.0
HH-0083,low_income,3,False,False,False,False,False,2239.0,1228.0,1011.0,1011.0,0.0,37.78525505644013,0.0,768.4183850264142,0.0,0.0,0.0,0.0,0.0,0.0
HH-0084,low_income,2,False,False,False,False,False,2239.0,1228.0,1011.0,1011.0,0.0,39.68241944203002,0.0,948.3232079605131,0.0,0.0,0.0,0.0,0.0,0.0
HH-0085,low_income,4,False,False,False,False,False,2239.0,1229.0,1010.0,1010.0,0.0,47.87576478288906,0.0,1088.979488182792,0.0,0.0,0.0,0.0,0.0,0.0
HH-0086,low_income,2,False,False,False,False,False,2239.0,1228.0,1011.0,1011.0,0.0,48.438383070486495,0.0,1001.4486210880024,0.0,0.0,0.0,0.0,0.0,0.0
HH-0087,low_income,3,False,False,False,False,False,2239.0,1228.0,1011.0,1011.0,0.0,64.46883250584197,0.0,1521.422401408721,0.0,0.0,0.0,0.0,0.0,0.0
HH-0088,low_income,4,False,False,False,False,False,2239.0,1229.0,1010.0,1010.0,0.0,37.98793226072388,0.0,780.9459628947974,0.0,0.0,0.0,0.0,0.0,0.0
HH-0089,low_income,1,False,False,False,False,False,2239.0,1228.0,1011.0,1011.0,0.0,37.69355178295752,0.0,881.8703204443974,0.0,0.0,0.0,0.0,0.0,0.0
HH-0090,low_income,4,False,False,False,False,False,2239.0,1229.0,1010.0,1010.0,0.0,55.99567936609889,0.0,1305.3986072622151,0.0,0.0,0.0,0.0,0.0,0.0
HH-0091,low_income,2,False,False,False,False,False,2239.0,1228.0,1011.0,1011.0,0.0,51.29003982301718,0.0,1183.4827389583754,0.0,0.0,0.0,0.0,0.0,0.0
HH-0092,low_income,3,False,False,False,False,False,2239.0,1228.0,1011.0,1011.0,0.0,15.211780393669319,0.0,337.4354874038261,0.0,0.0,0.0,0.0,0.0,0.0
HH-0093,low_income,1,False,False,False,False,False,2239.0,1228.0,1011.0,1011.0,0.0,62.00454696443769,0.0,1475.9477789014338,0.0,0.0,0.0,0.0,0.0,0.0
HH-0094,low_income,2,False,False,False,False,False,2239.0,1228.0,1011.0,1011.0,0.0,24.376173934607863,0.0,551.1814330042679,0.0,0.0,0.0,0.0,0.0,0.0
HH-0095,low_income,2,False,False,False,False,False,2239.0,1228.0,1011.0,1011.0,0.0,44.09856626752045,0.0,911.4910857964144,0.0,0.0,0.0,0.0,0.0,0.0
HH-0096,low_income,4,False,False,False,False,False,2239.0,1229.0,1010.0,1010.0,0.0,40.66934852422295,0.0,963.7575267013366,0.0,0.0,0.0,0.0,0.0,0.0
HH-0097,low_income,4,False,False,False,False,False,2239.0,1229.0,1010.0,1010.0,0.0,44.26788149446067,0.0,1025.0393477051457,0.0,0.0,0.0,0.0,0.0,0.0
HH-0098,low_income,4,False,False,False,True,False,2239.0,1229.0,1010.0,1010.0,0.0,52.884259897607485,0.0,1265.4123440033977,0.0,0.0,0.0,0.0,0.0,0.0
HH-0099,low_income,2,False,False,False,False,False,2239.0,1228.0,1011.0,1011.0,0.0,27.80324722016845,0.0,529.5973861909159,0.0,0.0,0.0,0.0,0.0,0.0
HH-0100,low_income,1,False,False,False,False,False,2239.0,1228.0,1011.0,1011.0,0.0,37.106663196740755,0.0,884.9051091622978,0.0,0.0,0.0,0.0,0.0,0.0
HH-0101,low_income,4,False,False,False,False,False,2239.0,1229.0,1010.0,1010.0,0.0,89.7368864795355,0.0,2196.751343797825,0.0,0.0,0.0,0.0,0.0,0.0
HH-0102,low_income,4,False,False,False,False,False,2239.0,1229.0,1010.0,1010.0,0.0,77.50106469586868,0.0,1596.450017712812,0.0,0.0,0.0,0.0,0.0,0.0
HH-0103,low_income,4,False,False,False,False,False,2239.0,1229.0,1010.0,1010.0,0.0,68.27461986650627,0.0,1568.1321833521183,0.0,0.0,0.0,0.0,0.0,0.0
HH-0104,low_income,2,False,False,False,False,False,2239.0,1228.0,1011.0,1011.0,0.0,56.84117717460567,0.0,1135.7552970173422,0.0,0.0,0.0,0.0,0.0,0.0
HH-0105,low_income,3,False,False,False,False,False,2239.0,1228.0,1011.0,1011.0,0.0,40.598284455008795,0.0,953.042909453699,0.0,0.0,0.0,0.0,0.0,0.0
HH-0106,low_income,3,False,False,False,False,False,2239.0,1228.0,1011.0,1011.0,0.0,47.11991079671967,0.0,1110.1847411295116,0.0,0.0,0.0,0.0,0.0,0.0
HH-0107,low_income,3,False,False,False,False,False,2239.0,1228.0,1011.0,1011.0,0.0,33.68820710750925,0.0,675.8928677177034,0.0,0.0,0.0,0.0,0.0,0.0
HH-0108,low_income,3,False,False,False,False,False,2239.0,1228.0,1011.0,1011.0,0.0,67.80467535319251,0.0,1627.3068987660968,0.0,0.0,0.0,0.0,0.0,0.0
HH-0109,low_income,4,False,False,False,False,False,2239.0,1229.0,1010.0,1010.0,0.0,36.19520836781792,0.0,731.3092174260472,0.0,0.0,0.0,0.0,0.0,0.0
HH-0110,low_income,3,False,False,False,False,False,2239.0,1228.0,1011.0,1011.0,0.0,52.11324752487726,0.0,1105.172033691058,0.0,0.0,0.0,0.0,0.0,0.0
HH-0111,low_income,2,True,False,False,False,False,2239.0,2239.0,1011.0,1011.0,0.0,12.81924230474977,0.0,734.9830469734137,0.0,23.20543101215914,14.41358921954711,0.0,0.0,0.0
HH-0112,low_income,2,False,False,False,False,False,2239.0,1228.0,1011.0,1011.0,0.0,42.990323485357415,0.0,1008.4649640316594,0.0,0.0,0.0,0.0,0.0,0.0
HH-0113,low_income,1,False,False,False,False,False,2239.0,1228.0,1011.0,1011.0,0.0,54.380196737124656,0.0,1247.350492956673,0.0,0.0,0.0,0.0,0.0,0.0
HH-0114,low_income,3,False,False,False,False,False,2239.0,1228.0,1011.0,1011.0,0.0,43.00537409197047,0.0,1014.7492746410173,0.0,0.0,0.0,0.0,0.0,0.0
HH-0115,low_income,1,True,False,False,False,False,2239.0,2239.0,1011.0,1011.0,0.0,22.857794969294805,0.0,1360.4683799960296,0.0,28.910850381074155,17.957396316502074,0.0,0.0,0.0
HH-0116,low_income,1,False,False,False,False,False,2239.0,1228.0,1011.0,1011.0,0.0,41.46696706257008,0.0,829.301080042622,0.0,0.0,0.0,0.0,0.0,0.0
HH-0117,low_income,2,False,False,False,False,False,2239.0,1228.0,1011.0,1011.0,0.0,54.76898054570672,0.0,1299.313004819864,0.0,0.0,0.0,0.0,0.0,0.0
HH-0118,low_income,4,False,False,False,False,False,2239.0,1229.0,1010.0,1010.0,0.0,31.553144855129833,0.0,640.5416176787264,0.0,0.0,0.0,0.0,0.0,0.0
HH-0119,low_income,1,False,False,False,False,False,2239.0,1228.0,1011.0,1011.0,0.0,44.21226040862348,0.0,995.9742413906221,0.0,0.0,0.0,0.0,0.0,0.0
HH-0120,low_income,1,False,False,False,False,False,2239.0,1228.0,1011.0,1011.0,0.0,44.609292158686735,0.0,1048.6812339194255,0.0,0.0,0.0,0.0,0.0,0.0
HH-0121,low_income,3,False,False,False,False,False,2239.0,1228.0,1011.0,1011.0,0.0,60.952830862920706,0.0,1447.4208714549159,0.0,0.0,0.0,0.0,0.0,0.0
HH-0122,low_income,1,False,False,False,False,False,2239.0,1228.0,1011.0,1011.0,0.0,32.19541081323314,0.0,669.3819618708086,0.0,0.0,0.0,0.0,0.0,0.0
HH-0123,low_income,2,False,False,False,False,False,2239.0,1228.0,1011.0,1011.0,0.0,41.30201881809142,0.0,822.33771281199,0.0,0.0,0.0,0.0,0.0,0.0
HH-0124,low_income,1,False,False,False,False,False,2239.0,1228.0,1011.0,1011.0,0.0,50.706850043252395,0.0,1011.0449383134616,0.0,0.0,0.0,0.0,0.0,0.0
HH-0125,low_income,4,False,False,False,False,False,2239.0,1229.0,1010.0,1010.0,0.0,38.146991314301054,0.0,972.9883866729111,0.0,0.0,0.0,0.0,0.0,0.0
HH-0126,low_income,4,False,False,False,False,False,2239.0,1229.0,1010.0,1010.0,0.0,43.76301085727765,0.0,953.0636847656777,0.0,0.0,0.0,0.0,0.0,0.0
HH-0127,low_income,3,False,False,False,False,False,2239.0,1228.0,1011.0,1011.0,0.0,40.53174663408436,0.0,802.0016584146451,0.0,0.0,0.0,0.0,0.0,0.0
HH-0128,low_income,3,False,False,False,False,False,2239.0,1228.0,1011.0,1011.0,0.0,21.671182911585134,0.0,467.8018527719782,0.0,0.0,0.0,0.0,0.0,0.0
HH-0129,low_income,1,False,False,False,False,False,2239.0,1228.0,1011.0,1011.0,0.0,54.847681325723,0.0,1126.7490136960105,0.0,0.0,0.0,0.0,0.0,0.0
HH-0130,low_income,4,False,False,False,False,False,2239.0,1229.0,1010.0,1010.0,0.0,47.51735228118174,0.0,1085.2128669675149,0.0,0.0,0.0,0.0,0.0,0.0
HH-0131,low_income,3,False,False,False,False,False,2239.0,1228.0,1011.0,1011.0,0.0,28.005050022365,0.0,562.6393070096676,0.0,0.0,0.0,0.0,0.0,0.0
HH-0132,low_income,4,False,False,False,False,False,2239.0,1229.0,1010.0,1010.0,0.0,41.59683343093399,0.0,791.4628095979547,0.0,0.0,0.0,0.0,0.0,0.0
HH-0133,low_income,3,False,False,False,False,False,2239.0,1228.0,1011.0,1011.0,0.0,56.18685134698815,0.0,1344.3196256000094,0.0,0.0,0.0,0.0,0.0,0.0
HH-0134,low_income,1,False,False,False,False,False,2239.0,1228.0,1011.0,1011.0,0.0,32.64102440266337,0.0,872.6528287244114,0.0,0.0,0.0,0.0,0.0,0.0
HH-0135,low_income,3,False,False,False,False,False,2239.0,1228.0,1011.0,1011.0,0.0,44.57671169043667,0.0,877.3714206387908,0.0,0.0,0.0,0.0,0.0,0.0
HH-0136,low_income,4,False,False,False,False,False,2239.0,1229.0,1010.0,1010.0,0.0,35.79907089440592,0.0,809.3568269257698,0.0,0.0,0.0,0.0,0.0,0.0
HH-0137,low_income,2,False,False,False,False,False,2239.0,1228.0,1011.0,1011.0,0.0,42.38697555124716,0.0,830.0297500171379,0.0,0.0,0.0,0.0,0.0,0.0
HH-0138,low_income,4,False,False,False,False,False,2239.0,1229.0,1010.0,1010.0,0.0,78.60850078749822,0.0,1826.2812181978904,0.0,0.0,0.0,0.0,0.0,0.0
HH-0139,low_income,2,False,False,False,False,False,2239.0,1228.0,1011.0,1011.0,0.0,59.613581384890935,0.0,1237.1897519109002,0.0,0.0,0.0,0.0,0.0,0.0
HH-0140,low_income,1,False,False,False,False,False,2239.0,1228.0,1011.0,1011.0,0.0,52.27965411940496,0.0,1266.5243442157303,0.0,0.0,0.0,0.0,0.0,0.0
HH-0141,low_income,1,False,False,False,False,False,2239.0,1228.0,1011.0,1011.0,0.0,37.488624664857504,0.0,855.9199694414738,0.0,0.0,0.0,0.0,0.0,0.0
HH-0142,low_income,1,False,False,False,False,False,2239.0,1228.0,1011.0,1011.0,0.0,30.573573316810222,0.0,806.5674364813009,0.0,0.0,0.0,0.0,0.0,0.0
HH-0143,low_income,2,False,False,False,False,False,2239.0,1228.0,1011.0,1011.0,0.0,31.24013971121637,0.0,830.0952130179634,0.0,0.0,0.0,0.0,0.0,0.0
HH-0144,low_income,1,False,False,False,False,False,2239.0,1228.0,1011.0,1011.0,0.0,34.78826838254252,0.0,863.5832015495508,0.0,0.0,0.0,0.0,0.0,0.0
HH-0145,low_income,3,False,False,False,False,False,2239.0,1228.0,1011.0,1011.0,0.0,55.85061543514422,0.0,1330.5173460189587,0.0,0.0,0.0,0.0,0.0,0.0
HH-0146,low_income,3,False,False,False,False,False,2239.0,1228.0,1011.0,1011.0,0.0,35.109697336773785,0.0,764.6672535149871,0.0,0.0,0.0,0.0,0.0,0.0
HH-0147,low_income,1,False,False,False,False,False,2239.0,1228.0,1011.0,1011.0,0.0,23.36860104908426,0.0,493.5785315739329,0.0,0.0,0.0,0.0,0.0,0.0
HH-0148,low_income,4,False,False,False,False,False,2239.0,1229.0,1010.0,1010.0,0.0,25.425469195184213,0.0,558.6282234346021,0.0,0.0,0.0,0.0,0.0,0.0
HH-0149,low_income,2,False,False,False,False,False,2239.0,1228.0,1011.0,1011.0,0.0,55.51520305947884,0.0,1382.573628695245,0.0,0.0,0.0,0.0,0.0,0.0
HH-0150,low_income,2,False,False,False,False,False,2239.0,1228.0,1011.0,1011.0,0.0,32.12024085148047,0.0,667.4675492164896,0.0,0.0,0.0,0.0,0.0,0.0
HH-0151,low_income,2,False,False,False,False,False,2239.0,1228.0,1011.0,1011.0,0.0,24.924388869583613,0.0,638.3541906748636,0.0,0.0,0.0,0.0,0.0,0.0
HH-0152,low_income,1,False,False,False,False,False,2239.0,1228.0,1011.0,1011.0,0.0,30.254299794353518,0.0,590.6967203458486,0.0,0.0,0.0,0.0,0.0,0.0
HH-0153,low_income,4,False,False,False,False,False,2239.0,1229.0,1010.0,1010.0,0.0,24.689370403600552,0.0,490.2669881674708,0.0,0.0,0.0,0.0,0.0,0.0
HH-0154,low_income,1,True,False,False,False,False,2239.0,2239.0,1011.0,1011.0,0.0,3.2217702226695106,0.0,550.5402661333735,0.0,22.819369053734036,14.173794557723445,0.0,0.0,0.0
HH-0155,low_income,4,False,False,False,False,False,2239.0,1229.0,1010.0,1010.0,0.0,48.17153059183818,0.0,1230.155794803795,0.0,0.0,0.0,0.0,0.0,0.0
HH-0156,low_income,4,False,False,False,False,False,2239.0,1229.0,1010.0,1010.0,0.0,49.55692657425976,0.0,982.042503480784,0.0,0.0,0.0,0.0,0.0,0.0
HH-0157,low_income,4,False,False,False,False,False,2239.0,1229.0,1010.0,1010.0,0.0,54.42911919253523,0.0,1381.232777287345,0.0,0.0,0.0,0.0,0.0,0.0
HH-0158,low_income,4,False,False,False,False,False,2239.0,1229.0,1010.0,1010.0,0.0,26.01714942898173,0.0,532.5773874413447,0.0,0.0,0.0,0.0,0.0,0.0
HH-0159,low_income,1,False,False,False,False,False,2239.0,1228.0,1011.0,1011.0,0.0,27.491979000520896,0.0,614.5593978653637,0.0,0.0,0.0,0.0,0.0,0.0
HH-0160,low_income,2,False,False,False,False,False,2239.0,1228.0,1011.0,1011.0,0.0,51.30982387763475,0.0,1185.9704655252594,0.0,0.0,0.0,0.0,0.0,0.0
HH-0161,low_income,1,False,False,False,False,False,2239.0,1228.0,1011.0,1011.0,0.0,60.14181716345587,0.0,1421.4393226349737,0.0,0.0,0.0,0.0,0.0,0.0
HH-0162,low_income,1,False,False,False,False,False,2239.0,1228.0,1011.0,1011.0,0.0,38.82055139015336,0.0,1045.1436017601277,0.0,0.0,0.0,0.0,0.0,0.0
HH-0163,low_income,1,False,False,False,False,False,2239.0,1228.0,1011.0,1011.0,0.0,28.974400655394962,0.0,602.419240374286,0.0,0.0,0.0,0.0,0.0,0.0
HH-0164,low_income,2,False,False,False,False,False,2239.0,1228.0,1011.0,1011.0,0.0,50.13478129483487,0.0,1215.2188472376276,0.0,0.0,0.0,0.0,0.0,0.0
HH-0165,low_income,4,False,False,False,False,False,2239.0,1229.0,1010.0,1010.0,0.0,29.599769519120535,0.0,579.661204006226,0.0,0.0,0.0,0.0,0.0,0.0
HH-0166,low_income,3,False,False,False,False,True,2239.0,1228.0,1011.0,1011.0,0.0,27.820003076109693,0.0,538.154310494675,0.0,0.0,0.0,0.0,0.0,0.0
HH-0167,low_income,2,False,False,False,False,False,2239.0,1228.0,1011.0,1011.0,0.0,27.0249543091626,0.0,609.614286429523,0.0,0.0,0.0,0.0,0.0,0.0
HH-0168,low_income,4,False,False,False,False,False,2239.0,1229.0,1010.0,1010.0,0.0,29.62269677444056,0.0,652.8386999152702,0.0,0.0,0.0,0.0,0.0,0.0
HH-0169,low_income,3,False,False,False,False,False,2239.0,1228.0,1011.0,1011.0,0.0,43.51792247496667,0.0,1032.222937000222,0.0,0.0,0.0,0.0,0.0,0.0
HH-0170,low_income,1,False,False,False,False,False,2239.0,1228.0,1011.0,1011.0,0.0,53.406194042873565,0.0,1252.1513368219278,0.0,0.0,0.0,0.0,0.0,0.0
HH-0171,low_income,3,False,False,False,False,False,2239.0,1228.0,1011.0,1011.0,0.0,49.30674550669261,0.0,1171.932014703674,0.0,0.0,0.0,0.0,0.0,0.0
HH-0172,low_income,4,False,False,False,False,False,2239.0,1229.0,1010.0,1010.0,0.0,24.4947240201698,0.0,482.4714335682057,0.0,0.0,0.0,0.0,0.0,0.0
HH-0173,low_income,4,False,False,False,False,False,2239.0,1229.0,1010.0,1010.0,0.0,43.202331011383336,0.0,845.9766208549177,0.0,0.0,0.0,0.0,0.0,0.0
HH-0174,low_income,4,False,False,False,False,False,2239.0,1229.0,1010.0,1010.0,0.0,37.73655312953062,0.0,735.9231020222135,0.0,0.0,0.0,0.0,0.0,0.0
HH-0175,low_income,2,False,False,False,False,False,2239.0,1228.0,1011.0,1011.0,0.0,17.926927542365995,0.0,393.7061791388853,0.0,0.0,0.0,0.0,0.0,0.0
HH-0176,middle,1,False,False,False,False,False,2239.0,1228.0,1011.0,1011.0,0.0,73.7338014004081,0.0,1743.0084864762175,0.0,0.0,0.0,0.0,0.0,0.0
HH-0177,middle,4,False,False,False,False,False,2239.0,1229.0,1010.0,1010.0,0.0,63.4434800121283,0.0,1444.7871143622706,0.0,0.0,0.0,0.0,0.0,0.0
HH-0178,middle,3,False,False,False,False,False,2239.0,1228.0,1011.0,1011.0,0.0,29.63814279190099,0.0,614.2080055948684,0.0,0.0,0.0,0.0,0.0,0.0
HH-0179,middle,4,False,False,False,False,False,2239.0,1229.0,1010.0,1010.0,0.0,53.835787694172325,0.0,1325.5120675993396,0.0,0.0,0.0,0.0,0.0,0.0
HH-0180,middle,2,False,False,False,True,False,2239.0,1228.0,1011.0,1011.0,0.0,61.55675380466236,0.0,1496.1726717132553,0.0,0.0,0.0,0.0,0.0,0.0
HH-0181,middle,1,True,False,False,False,False,2239.0,2239.0,1011.0,1011.0,0.0,47.73183381801647,0.0,2228.58840496865,0.0,48.018936772221586,29.826001897208844,0.0,0.0,0.0
HH-0182,middle,1,False,False,False,False,False,2239.0,1228.0,1011.0,1011.0,0.0,68.59687399004672,0.0,1625.9692932947994,0.0,0.0,0.0,0.0,0.0,0.0
HH-0183,middle,3,False,False,False,False,False,2239.0,1228.0,1011.0,1011.0,0.0,71.16523213814489,0.0,1561.5149788966978,0.0,0.0,0.0,0.0,0.0,0.0
HH-0184,middle,3,True,False,False,False,False,2239.0,2239.0,1011.0,1011.0,0.0,13.6139903055066,0.0,1169.597409757401,0.0,35.41783722535118,21.99908101441883,0.0,0.0,0.0
HH-0185,middle,3,False,False,False,False,False,2239.0,1228.0,1011.0,1011.0,0.0,46.007203216864205,0.0,1142.366351656093,0.0,0.0,0.0,0.0,0.0,0.0
HH-0186,middle,2,False,False,False,False,False,2239.0,1228.0,1011.0,1011.0,0.0,98.55530676504218,0.0,2265.8696042938063,0.0,0.0,0.0,0.0,0.0,0.0
HH-0187,middle,3,False,False,False,False,False,2239.0,1228.0,1011.0,1011.0,0.0,25.797738547206638,0.0,505.7777457564403,0.0,0.0,0.0,0.0,0.0,0.0
HH-0188,middle,4,False,False,False,False,False,2239.0,1229.0,1010.0,1010.0,0.0,54.058201233167146,0.0,1419.6242773616814,0.0,0.0,0.0,0.0,0.0,0.0
HH-0189,middle,3,False,False,False,False,False,2239.0,1228.0,1011.0,1011.0,0.0,90.74696323842348,0.0,2018.2506137641883,0.0,0.0,0.0,0.0,0.0,0.0
HH-0190,middle,3,False,False,False,False,False,2239.0,1228.0,1011.0,1011.0,0.0,67.28110994259627,0.0,1493.7950565865297,0.0,0.0,0.0,0.0,0.0,0.0
HH-0191,middle,1,True,False,False,False,False,2239.0,2239.0,1011.0,1011.0,0.0,20.226473563830833,0.0,1599.4149538884496,0.0,46.373623394559296,28.804048409224773,0.0,0.0,0.0
HH-0192,middle,2,True,False,False,False,False,2239.0,2239.0,1011.0,1011.0,0.0,17.22563793006765,0.0,1288.6831207485143,0.0,37.35105106038333,23.19985811168964,0.0,0.0,0.0
HH-0193,middle,2,True,False,False,False,False,2239.0,2239.0,1011.0,1011.0,0.0,61.48761030246841,0.0,3233.1792105988993,0.0,73.68515261168245,45.768058381157836,0.0,0.0,0.0
HH-0194,middle,2,False,False,False,False,False,2239.0,1228.0,1011.0,1011.0,0.0,89.51691197936425,0.0,2127.5090074101763,0.0,0.0,0.0,0.0,0.0,0.0
HH-0195,middle,3,False,False,False,False,False,2239.0,1228.0,1011.0,1011.0,0.0,30.467296380097274,0.0,751.5796740994955,0.0,0.0,0.0,0.0,0.0,0.0
HH-0196,middle,3,False,False,False,False,False,2239.0,1228.0,1011.0,1011.0,0.0,40.87666571464046,0.0,982.288651105374,0.0,0.0,0.0,0.0,0.0,0.0
HH-0197,middle,2,False,False,True,False,False,2239.0,1228.0,1011.0,1011.0,0.0,60.32578742222463,0.0,1471.5291725621435,0.0,0.0,0.0,0.0,0.0,0.0
HH-0198,middle,4,False,False,False,False,False,2239.0,1229.0,1010.0,1010.0,0.0,50.899596224418445,0.0,1172.3419648062363,0.0,0.0,0.0,0.0,0.0,0.0
HH-0199,middle,1,False,False,False,False,False,2239.0,1228.0,1011.0,1011.0,0.0,65.7252033023685,0.0,1608.0635865175886,0.0,0.0,0.0,0.0,0.0,0.0
HH-0200,middle,4,False,False,False,False,False,2239.0,1229.0,1010.0,1010.0,0.0,58.52136618786087,0.0,1398.4803692701623,0.0,0.0,0.0,0.0,0.0,0.0
HH-0201,middle,3,False,False,False,False,False,2239.0,1228.0,1011.0,1011.0,0.0,83.87091265803848,0.0,2016.8250639311823,0.0,0.0,0.0,0.0,0.0,0.0
HH-0202,middle,3,True,False,False,False,False,2239.0,2239.0,1011.0,1011.0,0.0,5.147652018345936,0.0,916.0396574073715,0.0,41.21951240716629,25.60267548383876,0.0,0.0,0.0
HH-0203,middle,1,False,False,False,False,False,2239.0,1228.0,1011.0,1011.0,0.0,85.7529211629357,0.0,2043.6793842509385,0.0,0.0,0.0,0.0,0.0,0.0
HH-0204,middle,4,False,False,False,False,False,2239.0,1229.0,1010.0,1010.0,0.0,86.93865721882784,0.0,1966.1619009457906,0.0,0.0,0.0,0.0,0.0,0.0
HH-0205,middle,3,False,False,False,False,True,2239.0,1228.0,1011.0,1011.0,0.0,80.9971321800241,0.0,1912.1787639741262,0.0,0.0,0.0,0.0,0.0,0.0
HH-0206,middle,4,False,False,False,False,False,2239.0,1229.0,1010.0,1010.0,0.0,121.40709042351644,0.0,2819.427945128319,0.0,0.0,0.0,0.0,0.0,0.0
HH-0207,middle,1,False,False,False,False,False,2239.0,1228.0,1011.0,1011.0,0.0,61.25306948360435,0.0,1530.8454942921992,0.0,0.0,0.0,0.0,0.0,0.0
HH-0208,middle,1,False,False,False,False,False,2239.0,1228.0,1011.0,1011.0,0.0,61.53839472287169,0.0,1431.23466306285,0.0,0.0,0.0,0.0,0.0,0.0
HH-0209,middle,3,False,False,False,False,False,2239.0,1228.0,1011.0,1011.0,0.0,92.26200947294073,0.0,2173.3311841221707,0.0,0.0,0.0,0.0,0.0,0.0
HH-0210,middle,1,True,False,False,False,False,2239.0,2239.0,1011.0,1011.0,0.0,44.43566317454268,0.0,2055.48544468814,0.0,42.56094985592972,26.435882518005197,0.0,0.0,0.0
HH-0211,middle,2,False,False,False,False,False,2239.0,1228.0,1011.0,1011.0,0.0,69.55527729461201,0.0,1608.3438354709995,0.0,0.0,0.0,0.0,0.0,0.0
HH-0212,middle,2,True,False,False,False,False,2239.0,2239.0,1011.0,1011.0,0.0,25.729510208697462,0.0,1387.113996857569,0.0,34.09936238764675,21.180136746716,0.0,0.0,0.0
HH-0213,middle,2,False,False,False,False,False,2239.0,1228.0,1011.0,1011.0,0.0,60.26020439482835,0.0,1190.4740184600234,0.0,0.0,0.0,0.0,0.0,0.0
HH-0214,middle,3,True,False,False,False,False,2239.0,2239.0,1011.0,1011.0,0.0,18.813294185159446,0.0,1456.4301664107604,0.0,43.421884260144054,26.970634699113972,0.0,0.0,0.0
HH-0215,middle,1,False,False,False,False,False,2239.0,1228.0,1011.0,1011.0,0.0,80.5203225498693,0.0,1918.4604556193408,0.0,0.0,0.0,0.0,0.0,0.0
HH-0216,middle,1,True,False,False,False,False,2239.0,2239.0,1011.0,1011.0,0.0,4.837541361254986,0.0,1028.9889051267166,0.0,40.740426459578735,25.305100832208087,0.0,0.0,0.0
HH-0217,middle,4,False,False,False,False,False,2239.0,1229.0,1010.0,1010.0,0.0,79.49838142571724,0.0,1903.0127362116975,0.0,0.0,0.0,0.0,0.0,0.0
HH-0218,middle,4,False,False,False,False,False,2239.0,1229.0,1010.0,1010.0,0.0,68.83371651194365,0.0,1642.7506155436788,0.0,0.0,0.0,0.0,0.0,0.0
HH-0219,middle,1,True,False,False,False,False,2239.0,2239.0,1011.0,1011.0,0.0,43.681671530547625,0.0,2244.1674563288443,0.0,47.72131759493604,29.641141699481583,0.0,0.0,0.0
HH-0220,middle,2,False,False,False,False,False,2239.0,1228.0,1011.0,1011.0,0.0,87.15940100259728,0.0,2277.4157310612713,0.0,0.0,0.0,0.0,0.0,0.0
HH-0221,middle,2,False,False,False,False,False,2239.0,1228.0,1011.0,1011.0,0.0,39.17235202430928,0.0,950.5935879697792,0.0,0.0,0.0,0.0,0.0,0.0
HH-0222,middle,2,False,False,False,False,False,2239.0,1228.0,1011.0,1011.0,0.0,93.3890695730538,0.0,2171.0384933266014,0.0,0.0,0.0,0.0,0.0,0.0
HH-0223,middle,4,True,False,False,False,False,2239.0,2239.0,1010.0,1010.0,0.0,19.14969451554253,0.0,1133.2737128328977,0.0,30.759656174829722,19.105745047622314,0.0,0.0,0.0
HH-0224,middle,2,False,False,False,False,False,2239.0,1228.0,1011.0,1011.0,0.0,45.01256675891233,0.0,1018.7483098843342,0.0,0.0,0.0,0.0,0.0,0.0
HH-0225,middle,1,False,False,False,False,False,2239.0,1228.0,1011.0,1011.0,0.0,42.975766725081215,0.0,1064.1200876322614,0.0,0.0,0.0,0.0,0.0,0.0
HH-0226,middle,2,False,False,False,False,False,2239.0,1228.0,1011.0,1011.0,0.0,79.33177337212659,0.0,1863.6270986182133,0.0,0.0,0.0,0.0,0.0,0.0
HH-0227,middle,1,False,False,False,False,False,2239.0,1228.0,1011.0,1011.0,0.0,47.93615528970869,0.0,1156.9593281329373,0.0,0.0,0.0,0.0,0.0,0.0
HH-0228,middle,1,False,False,True,False,False,2239.0,1228.0,1011.0,1011.0,0.0,61.2198961253525,0.0,1474.7561821431307,0.0,0.0,0.0,0.0,0.0,0.0
HH-0229,middle,2,True,False,False,False,False,2239.0,2239.0,1011.0,1011.0,0.0,52.892655998938324,0.0,2467.99796311693,0.0,51.296310656474986,31.861677117451414,0.0,0.0,0.0
HH-0230,middle,2,False,False,False,False,False,2239.0,1228.0,1011.0,1011.0,0.0,68.46120729987317,0.0,1628.8417460610779,0.0,0.0,0.0,0.0,0.0,0.0
HH-0231,middle,3,False,False,False,False,False,2239.0,1228.0,1011.0,1011.0,0.0,41.750819743825566,0.0,960.6111184711916,0.0,0.0,0.0,0.0,0.0,0.0
HH-0232,middle,3,False,False,True,False,False,2239.0,1228.0,1011.0,1011.0,0.0,57.5878916194009,0.0,1222.3993088935658,0.0,0.0,0.0,0.0,0.0,0.0
HH-0233,middle,3,False,False,False,False,False,2239.0,1228.0,1011.0,1011.0,0.0,72.43127446215931,0.0,1726.79866364975,0.0,0.0,0.0,0.0,0.0,0.0
HH-0234,middle,3,True,False,False,False,False,2239.0,2239.0,1011.0,1011.0,0.0,18.5344424362951,0.0,1336.871148333033,0.0,37.413288575058154,23.23851569879062,0.0,0.0,0.0
HH-0235,middle,3,True,False,False,False,False,2239.0,2239.0,1011.0,1011.0,0.0,33.01459633121659,0.0,2315.8959240655313,0.0,57.61420024688698,35.785907839256794,0.0,0.0,0.0
HH-0236,middle,1,False,False,False,False,False,2239.0,1228.0,1011.0,1011.0,0.0,42.72699261008177,0.0,1099.632226411905,0.0,0.0,0.0,0.0,0.0,0.0
HH-0237,middle,4,False,False,False,False,False,2239.0,1229.0,1010.0,1010.0,0.0,70.0433588673848,0.0,1617.251832658531,0.0,0.0,0.0,0.0,0.0,0.0
HH-0238,middle,4,True,False,False,False,False,2239.0,2239.0,1010.0,1010.0,0.0,15.591597226283273,0.0,1124.772458377827,0.0,30.997606051090823,19.253542852777173,0.0,0.0,0.0
HH-0239,affluent,4,False,False,True,False,False,2239.0,1229.0,1010.0,1010.0,0.0,103.1098843125887,0.0,2318.2154974870455,0.0,0.0,0.0,0.0,0.0,0.0
HH-0240,affluent,2,True,False,False,False,False,2239.0,2239.0,1011.0,1011.0,0.0,35.939812915505534,0.0,1614.5940193596368,0.0,36.68438973167044,22.785774764752944,0.0,0.0,0.0
HH-0241,affluent,3,False,False,False,False,False,2239.0,1228.0,1011.0,1011.0,0.0,110.95974053980083,0.0,2577.0874258388535,0.0,0.0,0.0,0.0,0.0,0.0
HH-0242,affluent,4,False,True,False,False,False,2239.0,1229.0,1010.0,1010.0,0.0,124.15593813425106,0.0,2742.993333183178,0.0,0.0,0.0,0.0,0.0,0.0
HH-0243,affluent,3,True,False,True,False,False,2239.0,2239.0,1011.0,1011.0,0.0,22.07146341433497,0.0,1636.5871603707112,0.0,45.18660843141782,28.066757812587582,0.0,0.0,0.0
HH-0244,affluent,3,True,False,False,False,False,2239.0,2239.0,1011.0,1011.0,0.0,29.515568963730214,0.0,1954.8752923188683,0.0,49.50456449244973,30.748769833788973,0.0,0.0,0.0
HH-0245,affluent,3,False,False,True,False,False,2239.0,1228.0,1011.0,1011.0,0.0,93.043888787407,0.0,2204.669650964786,0.0,0.0,0.0,0.0,0.0,0.0
HH-0246,affluent,4,False,False,False,False,False,2239.0,1229.0,1010.0,1010.0,0.0,117.55575470494927,0.0,2709.3950378342356,0.0,0.0,0.0,0.0,0.0,0.0
HH-0247,affluent,2,False,False,False,False,False,2239.0,1228.0,1011.0,1011.0,0.0,163.68501812096022,0.0,2613.641276802912,0.0,0.0,0.0,0.0,0.0,0.0
HH-0248,affluent,2,True,False,True,False,False,2239.0,2239.0,1011.0,1011.0,0.0,53.08967741806566,0.0,2799.2033458270416,0.0,69.41631546359612,43.11655559004751,0.0,0.0,0.0
HH-0249,affluent,2,False,False,False,False,False,2239.0,1228.0,1011.0,1011.0,0.0,178.344232147271,0.0,2501.2326312109712,0.0,0.0,0.0,0.0,0.0,0.0
HH-0250,affluent,2,True,False,False,False,False,2239.0,2239.0,1011.0,1011.0,0.0,28.334349584964706,0.0,2187.1406862639724,0.0,62.480669623891885,38.808617932980106,0.0,0.0,0.0
